current_time,start_time,throughput_records,throughput_bytes,throughput_interval
2025-04-07 14:34:07.628804+00:00,2025-04-07 14:34:08.631543+00:00,61.83056483590781,83904.0764823269,1.002740314026596
2025-04-07 14:34:08.631543+00:00,2025-04-07 14:34:09.742275+00:00,72.02583408371406,97739.05685159998,1.1107125799753703
2025-04-07 14:34:09.742275+00:00,2025-04-07 14:34:10.743832+00:00,82.86931103598086,112453.65507582601,1.0015770489990246
2025-04-07 14:34:10.743832+00:00,2025-04-07 14:34:11.746470+00:00,82.78171645062295,112334.78922349535,1.002636857010657
2025-04-07 14:34:11.746470+00:00,2025-04-07 14:34:12.753361+00:00,80.4456024532899,109164.68252911439,1.0068915830051992
2025-04-07 14:34:12.753361+00:00,2025-04-07 14:34:13.753789+00:00,79.96573132556559,108513.4974087925,1.0004285420000087
2025-04-07 14:34:13.753789+00:00,2025-04-07 14:34:14.757599+00:00,80.69259228928095,109468.96538641886,1.0038096150092315
2025-04-07 14:34:14.757599+00:00,2025-04-07 14:34:15.765713+00:00,78.36416072417329,106263.78584478212,1.0081139039830305
2025-04-07 14:34:15.765713+00:00,2025-04-07 14:34:16.768642+00:00,74.78098526285508,101477.79700169434,1.002928749017883
2025-04-07 14:34:16.768642+00:00,2025-04-07 14:34:17.780400+00:00,80.05861856534264,108639.54539316996,1.0117586519918405
2025-04-07 14:34:17.780400+00:00,2025-04-07 14:34:18.789211+00:00,81.28388764874691,110302.23553934955,1.0088100160064641
2025-04-07 14:34:18.789211+00:00,2025-04-07 14:34:19.801417+00:00,68.16786411244892,92503.79160059319,1.0122071579971816
2025-04-07 14:34:19.801417+00:00,2025-04-07 14:34:20.805918+00:00,79.641558116637,108073.59436427642,1.0045006889849901
2025-04-07 14:34:20.805918+00:00,2025-04-07 14:34:21.811526+00:00,81.54272697824825,110653.48050948288,1.0056077720073517
2025-04-07 14:34:21.811526+00:00,2025-04-07 14:34:22.820419+00:00,81.27719886235461,110293.1588562152,1.0088930370111484
2025-04-07 14:34:22.820419+00:00,2025-04-07 14:34:23.828959+00:00,81.30569473536892,110331.82775589562,1.0085394420020748
2025-04-07 14:34:23.828959+00:00,2025-04-07 14:34:24.831498+00:00,79.79734936542383,108285.00308888013,1.0025395659904461
2025-04-07 14:34:24.831498+00:00,2025-04-07 14:34:25.839870+00:00,73.3855985238744,99584.25719689757,1.008372234995477
2025-04-07 14:34:25.839870+00:00,2025-04-07 14:34:26.850725+00:00,77.16247555793224,104709.47933211405,1.0108540380024351
2025-04-07 14:34:26.850725+00:00,2025-04-07 14:34:27.854493+00:00,78.70340103826473,106767.63910469406,1.003768566006329
2025-04-07 14:34:27.854493+00:00,2025-04-07 14:34:28.867200+00:00,69.12167338565763,93734.91382581338,1.0127069639856927
2025-04-07 14:34:28.867200+00:00,2025-04-07 14:34:29.868754+00:00,78.87740565853238,107036.63947862845,1.0015542390174232
2025-04-07 14:34:29.868754+00:00,2025-04-07 14:34:30.869855+00:00,78.91309884437248,107085.07513181346,1.0011012259928975
2025-04-07 14:34:30.869855+00:00,2025-04-07 14:34:31.879954+00:00,78.21018235020408,106131.21744922694,1.0100986550096422
2025-04-07 14:34:31.879954+00:00,2025-04-07 14:34:32.885413+00:00,78.57110649600752,106620.9915150822,1.0054586669721175
2025-04-07 14:34:32.885413+00:00,2025-04-07 14:34:33.892977+00:00,78.40686103407462,106398.11042323927,1.007564886007458
2025-04-07 14:34:33.892977+00:00,2025-04-07 14:34:34.900426+00:00,74.4455212694417,101022.57236263239,1.0074481140181888
2025-04-07 14:34:34.900426+00:00,2025-04-07 14:34:35.905764+00:00,78.58047128025379,106633.69952730439,1.0053388419910334
2025-04-07 14:34:35.905764+00:00,2025-04-07 14:34:36.917642+00:00,79.06091477036234,107285.6613433817,1.0118779960030224
2025-04-07 14:34:36.917642+00:00,2025-04-07 14:34:37.992771+00:00,66.96878412042416,90876.64005141558,1.0751277770032175
2025-04-07 14:34:37.992771+00:00,2025-04-07 14:34:38.997649+00:00,75.63101593723044,102631.28862682171,1.0048787400010042
2025-04-07 14:34:38.997649+00:00,2025-04-07 14:34:40.005748+00:00,76.3814195742809,103649.58636229917,1.0080985719978344
2025-04-07 14:34:40.005748+00:00,2025-04-07 14:34:41.012773+00:00,78.44889175002628,106493.87403868756,1.0070250610006042
2025-04-07 14:34:41.012773+00:00,2025-04-07 14:34:42.022558+00:00,79.22477433326273,107443.64864109174,1.0097851419996005
2025-04-07 14:34:42.022558+00:00,2025-04-07 14:34:43.030055+00:00,78.41216104518243,106374.53320929482,1.0074967829859816
2025-04-07 14:34:43.030055+00:00,2025-04-07 14:34:44.042167+00:00,78.05455560818076,105920.03196030129,1.0121126100129914
2025-04-07 14:34:44.042167+00:00,2025-04-07 14:34:45.044275+00:00,71.84854305685933,97498.47292815811,1.0021080029837321
2025-04-07 14:34:45.044275+00:00,2025-04-07 14:34:46.055846+00:00,77.10783040073913,104635.325853803,1.0115704150230158
2025-04-07 14:34:46.055846+00:00,2025-04-07 14:34:47.066611+00:00,77.16924392037429,104718.6639999479,1.0107653779850807
2025-04-07 14:34:47.066611+00:00,2025-04-07 14:34:48.077624+00:00,68.24838909087434,92613.06399631649,1.011012873990694
2025-04-07 14:34:48.077624+00:00,2025-04-07 14:34:49.082961+00:00,77.58597138480668,105284.16316918266,1.0053363850165624
2025-04-07 14:34:49.082961+00:00,2025-04-07 14:34:50.087899+00:00,74.63143096211455,101274.85181558944,1.0049385229940526
2025-04-07 14:34:50.087899+00:00,2025-04-07 14:34:51.089631+00:00,77.86510547998395,105662.94813633824,1.0017324129876215
2025-04-07 14:34:51.089631+00:00,2025-04-07 14:34:52.095257+00:00,77.56364778060201,105253.87003827692,1.0056257310207002
2025-04-07 14:34:52.095257+00:00,2025-04-07 14:34:53.098705+00:00,76.73539731990358,104129.93416310917,1.0034482479968574
2025-04-07 14:34:53.098705+00:00,2025-04-07 14:34:54.103894+00:00,77.59734064770758,105299.59125893918,1.0051890870090574
2025-04-07 14:34:54.103894+00:00,2025-04-07 14:34:55.106158+00:00,72.83515038503911,98898.16132144997,1.0022633249755017
2025-04-07 14:34:55.106158+00:00,2025-04-07 14:34:56.115150+00:00,78.29590264205522,106229.70031251505,1.0089927740045823
2025-04-07 14:34:56.115150+00:00,2025-04-07 14:34:57.128237+00:00,77.97947904908521,105763.86355887825,1.0130870449938811
2025-04-07 14:34:57.128237+00:00,2025-04-07 14:34:58.141118+00:00,67.13527602724074,91102.56956896567,1.0128803219995461
2025-04-07 14:34:58.141118+00:00,2025-04-07 14:34:59.142752+00:00,76.87437312871864,104318.5243356712,1.0016341840091627
2025-04-07 14:34:59.142752+00:00,2025-04-07 14:35:00.153088+00:00,76.21226062470384,103420.03766772313,1.0103361239889637
2025-04-07 14:35:00.153088+00:00,2025-04-07 14:35:01.160010+00:00,75.47751595242681,102422.9891474432,1.0069223800092004
2025-04-07 14:35:01.160010+00:00,2025-04-07 14:35:02.168199+00:00,78.35837327386251,106332.31253263143,1.00818836200051
2025-04-07 14:35:02.168199+00:00,2025-04-07 14:35:03.180427+00:00,78.04559377943828,105907.87075869775,1.012228829000378
2025-04-07 14:35:03.180427+00:00,2025-04-07 14:35:04.193212+00:00,73.06592398441232,99150.45884684751,1.0127840170171112
2025-04-07 14:35:04.193212+00:00,2025-04-07 14:35:05.197319+00:00,76.68501133305199,104061.56037895154,1.0041075649787672
2025-04-07 14:35:05.197319+00:00,2025-04-07 14:35:06.209922+00:00,77.02919147039597,104528.61282532733,1.0126031250110827
2025-04-07 14:35:06.209922+00:00,2025-04-07 14:35:07.217218+00:00,66.51469409145498,90260.4398821044,1.0072962210106198
2025-04-07 14:35:07.217218+00:00,2025-04-07 14:35:08.223252+00:00,78.5262302875982,106560.09450027074,1.0060332669818308
2025-04-07 14:35:08.223252+00:00,2025-04-07 14:35:09.233994+00:00,78.16041806272919,106097.3259720619,1.0107417789986357
2025-04-07 14:35:09.233994+00:00,2025-04-07 14:35:10.234611+00:00,76.95247515114536,104418.51248333923,1.0006175870075822
2025-04-07 14:35:10.234611+00:00,2025-04-07 14:35:11.236405+00:00,76.86211957965949,104240.00729019612,1.0017938670061994
2025-04-07 14:35:11.236405+00:00,2025-04-07 14:35:12.239910+00:00,73.7415913978619,100067.3395268986,1.003504244989017
2025-04-07 14:35:12.239910+00:00,2025-04-07 14:35:13.253373+00:00,75.9770704780619,103100.88463873001,1.0134636610164307
2025-04-07 14:35:13.253373+00:00,2025-04-07 14:35:14.265867+00:00,73.0868576254684,99178.86579776062,1.012493933987571
2025-04-07 14:35:14.265867+00:00,2025-04-07 14:35:15.269561+00:00,76.71656619721612,104104.38032962228,1.0036945579922758
2025-04-07 14:35:15.269561+00:00,2025-04-07 14:35:16.271173+00:00,77.87451775122227,105675.72058840861,1.0016113390156534
2025-04-07 14:35:16.271173+00:00,2025-04-07 14:35:17.281634+00:00,67.29604001619096,91320.72630197112,1.0104606449895073
2025-04-07 14:35:17.281634+00:00,2025-04-07 14:35:18.288032+00:00,77.50405565501616,105173.00352385693,1.0063989470072556
2025-04-07 14:35:18.288032+00:00,2025-04-07 14:35:19.290411+00:00,76.81729544118114,104241.06991368282,1.0023784299846739
2025-04-07 14:35:19.290411+00:00,2025-04-07 14:35:20.292450+00:00,75.84529796683702,102922.06934099784,1.0020397049956955
2025-04-07 14:35:20.292450+00:00,2025-04-07 14:35:21.295647+00:00,77.75149099398132,105508.77327883265,1.0031961960194167
2025-04-07 14:35:21.295647+00:00,2025-04-07 14:35:22.296505+00:00,77.93311335986473,105755.23482933645,1.0008582570008002
2025-04-07 14:35:22.296505+00:00,2025-04-07 14:35:23.353269+00:00,70.97146584616704,96331.93630853073,1.056762730004266
2025-04-07 14:35:23.353269+00:00,2025-04-07 14:35:24.362375+00:00,76.3051151094391,103607.48168580477,1.0091066619788762
2025-04-07 14:35:24.362375+00:00,2025-04-07 14:35:25.369376+00:00,76.4646318081543,103682.06854319187,1.0070015140227042
2025-04-07 14:35:25.369376+00:00,2025-04-07 14:35:26.369797+00:00,76.96755548220085,104427.97995242191,1.0004215349908918
2025-04-07 14:35:26.369797+00:00,2025-04-07 14:35:27.379858+00:00,66.33260839061168,90013.34958606004,1.0100612899987027
2025-04-07 14:35:27.379858+00:00,2025-04-07 14:35:28.385479+00:00,78.55847435089738,106603.84969416774,1.0056203439889941
2025-04-07 14:35:28.385479+00:00,2025-04-07 14:35:29.388574+00:00,77.75939059420092,105519.49303633065,1.0030942810117267
2025-04-07 14:35:29.388574+00:00,2025-04-07 14:35:30.398566+00:00,77.22829984295272,104798.80288688684,1.009992453007726
2025-04-07 14:35:30.398566+00:00,2025-04-07 14:35:31.410077+00:00,77.11233698701899,104641.44129138476,1.0115112969942857
2025-04-07 14:35:31.410077+00:00,2025-04-07 14:35:32.411875+00:00,76.86177984496159,104301.43524961287,1.0017982950084843
2025-04-07 14:35:32.411875+00:00,2025-04-07 14:35:33.418459+00:00,72.52254521382073,98413.09385515474,1.0065835359855555
2025-04-07 14:35:33.418459+00:00,2025-04-07 14:35:34.420550+00:00,75.841393273565,102916.7706722277,1.0020912949985359
2025-04-07 14:35:34.420550+00:00,2025-04-07 14:35:35.428145+00:00,76.41957051132883,103701.35718387323,1.0075952990155201
2025-04-07 14:35:35.428145+00:00,2025-04-07 14:35:36.438591+00:00,68.28675522242837,92665.12683683529,1.0104448479833081
2025-04-07 14:35:36.438591+00:00,2025-04-07 14:35:37.451160+00:00,77.03175459862953,104532.09099034028,1.012569432001328
2025-04-07 14:35:37.451160+00:00,2025-04-07 14:35:38.459380+00:00,77.36406153390362,105050.47709361369,1.0082200760080013
2025-04-07 14:35:38.459380+00:00,2025-04-07 14:35:39.464500+00:00,76.60775557492731,103944.78544417766,1.0051201659953222
2025-04-07 14:35:39.464500+00:00,2025-04-07 14:35:40.475454+00:00,76.16570169657409,103298.49646978223,1.0109537270036526
2025-04-07 14:35:40.475454+00:00,2025-04-07 14:35:41.486855+00:00,78.10943782257603,105994.50712523567,1.0114014669961762
2025-04-07 14:35:41.486855+00:00,2025-04-07 14:35:42.498117+00:00,78.12019999574937,106009.11139423189,1.011262132000411
2025-04-07 14:35:42.498117+00:00,2025-04-07 14:35:43.503180+00:00,72.63230867068238,98562.042866116,1.005062365991762
2025-04-07 14:35:43.503180+00:00,2025-04-07 14:35:44.513466+00:00,77.20579632619507,104768.2656146467,1.0102868399990257
2025-04-07 14:35:44.513466+00:00,2025-04-07 14:35:45.519099+00:00,75.57433631650234,102554.37438149368,1.0056323840108234
2025-04-07 14:35:45.519099+00:00,2025-04-07 14:35:46.524207+00:00,62.679805354009865,85056.49586539138,1.0051084180013277
2025-04-07 14:35:46.524207+00:00,2025-04-07 14:35:47.525840+00:00,76.87444542658115,104318.62244387063,1.0016332420054823
2025-04-07 14:35:47.525840+00:00,2025-04-07 14:35:48.529567+00:00,78.70667172651005,106804.95353287413,1.0037268539890647
2025-04-07 14:35:48.529567+00:00,2025-04-07 14:35:49.531788+00:00,77.82714466571824,105611.43531137965,1.002221016009571
2025-04-07 14:35:49.531788+00:00,2025-04-07 14:35:50.543162+00:00,77.12284684852652,104655.70317345049,1.0113734540063888
2025-04-07 14:35:50.543162+00:00,2025-04-07 14:35:51.550512+00:00,77.43089054441695,105073.7184687738,1.0073499019781593
2025-04-07 14:35:51.550512+00:00,2025-04-07 14:35:52.554125+00:00,71.74080720700525,97374.19618210827,1.0036129060026724
2025-04-07 14:35:52.554125+00:00,2025-04-07 14:35:53.560871+00:00,76.48402522748452,103705.38511526652,1.0067461770086084
2025-04-07 14:35:53.560871+00:00,2025-04-07 14:35:54.561542+00:00,76.94837079739658,104398.95258224964,1.0006709590088576
2025-04-07 14:35:54.561542+00:00,2025-04-07 14:35:55.729218+00:00,67.65572838711682,91808.82342131753,1.1676764389849268
2025-04-07 14:35:55.729218+00:00,2025-04-07 14:35:56.739801+00:00,77.18316645913737,104737.5568850494,1.010583052993752
2025-04-07 14:35:56.739801+00:00,2025-04-07 14:35:57.747284+00:00,74.44300404232958,101019.15648544124,1.0074821800226346
2025-04-07 14:35:57.747284+00:00,2025-04-07 14:35:58.753591+00:00,77.51108534306078,105182.54281053349,1.0063076739897951
2025-04-07 14:35:58.753591+00:00,2025-04-07 14:35:59.759300+00:00,76.56292073639095,103895.88343928252,1.0057087590103038
2025-04-07 14:35:59.759300+00:00,2025-04-07 14:36:00.762325+00:00,74.77382697163914,101468.08320051432,1.0030247619724832
2025-04-07 14:36:00.762325+00:00,2025-04-07 14:36:01.770229+00:00,78.38049133411268,106362.32674039091,1.0079038630065043
2025-04-07 14:36:01.770229+00:00,2025-04-07 14:36:02.773185+00:00,72.78484943952732,98769.04068943858,1.00295598001685
2025-04-07 14:36:02.773185+00:00,2025-04-07 14:36:03.775703+00:00,77.804025431873,105580.06251105167,1.0025188229919877
2025-04-07 14:36:03.775703+00:00,2025-04-07 14:36:04.777415+00:00,76.868431916295,104310.4621104123,1.001711600983981
2025-04-07 14:36:04.777415+00:00,2025-04-07 14:36:05.781130+00:00,65.75568199990627,89218.50489532738,1.003715542028658
2025-04-07 14:36:05.781130+00:00,2025-04-07 14:36:06.782078+00:00,76.92709219621335,104310.1398586291,1.0009477519779466
2025-04-07 14:36:06.782078+00:00,2025-04-07 14:36:07.784319+00:00,76.8278562782213,104239.4367396703,1.0022406420030165
2025-04-07 14:36:07.784319+00:00,2025-04-07 14:36:08.792086+00:00,75.41433042491161,102337.24638660507,1.0077660249953624
2025-04-07 14:36:08.792086+00:00,2025-04-07 14:36:09.802860+00:00,77.16851702216674,104717.67759908027,1.0107748990121763
2025-04-07 14:36:09.802860+00:00,2025-04-07 14:36:10.811668+00:00,77.3189699503404,104921.84222261193,1.0088080590066966
2025-04-07 14:36:10.811668+00:00,2025-04-07 14:36:11.811840+00:00,76.98676443595161,104471.03933958634,1.0001719199935906
2025-04-07 14:36:11.811840+00:00,2025-04-07 14:36:12.813793+00:00,71.85961713681755,97513.5004546614,1.001953570987098
2025-04-07 14:36:12.813793+00:00,2025-04-07 14:36:13.821890+00:00,76.38157459547729,103649.79672606268,1.0080965259985533
2025-04-07 14:36:13.821890+00:00,2025-04-07 14:36:14.833063+00:00,77.13811409652689,104676.420828987,1.0111732820223551
2025-04-07 14:36:14.833063+00:00,2025-04-07 14:36:15.841196+00:00,67.45142357549287,91531.58179194383,1.0081329109962098
2025-04-07 14:36:15.841196+00:00,2025-04-07 14:36:16.850023+00:00,78.30874956108819,106264.97315439668,1.0088272439897992
2025-04-07 14:36:16.850023+00:00,2025-04-07 14:36:17.853884+00:00,77.7000861365712,105439.01688732713,1.0038598910032306
2025-04-07 14:36:17.853884+00:00,2025-04-07 14:36:18.864070+00:00,77.21344126662751,104778.63979881354,1.0101868110068608
2025-04-07 14:36:18.864070+00:00,2025-04-07 14:36:19.873256+00:00,74.31734229714772,100905.11467737528,1.0091857119987253
2025-04-07 14:36:19.873256+00:00,2025-04-07 14:36:20.874449+00:00,74.91061074184789,101575.79174151606,1.0011932789930142
2025-04-07 14:36:20.874449+00:00,2025-04-07 14:36:21.874973+00:00,73.96121237414339,100347.37462654048,1.0005244319909252
2025-04-07 14:36:21.874973+00:00,2025-04-07 14:36:22.875942+00:00,77.92455671606385,105743.62346369863,1.000968158012256
2025-04-07 14:36:22.875942+00:00,2025-04-07 14:36:23.880210+00:00,77.66848187112846,105396.12989912133,1.0042683740030043
2025-04-07 14:36:23.880210+00:00,2025-04-07 14:36:24.960865+00:00,67.55169229426339,91667.64644331542,1.0806539040058851
2025-04-07 14:36:24.960865+00:00,2025-04-07 14:36:25.966099+00:00,76.59894980657982,103944.77488752882,1.0052357139938977
2025-04-07 14:36:25.966099+00:00,2025-04-07 14:36:26.971840+00:00,76.5605090682357,103892.61080559586,1.0057404389954172
2025-04-07 14:36:26.971840+00:00,2025-04-07 14:36:27.972410+00:00,76.95615653881703,104429.5044231747,1.0005697199958377
2025-04-07 14:36:27.972410+00:00,2025-04-07 14:36:28.972810+00:00,77.96883039978015,105803.70285250165,1.0003997700114269
2025-04-07 14:36:28.972810+00:00,2025-04-07 14:36:29.976205+00:00,76.73945321169955,104135.4380082763,1.0033952129888348
2025-04-07 14:36:29.976205+00:00,2025-04-07 14:36:30.983979+00:00,75.41374942464277,102336.45796924023,1.0077737889951095
2025-04-07 14:36:30.983979+00:00,2025-04-07 14:36:31.985175+00:00,70.91518416236744,96231.90490833261,1.0011960180127062
2025-04-07 14:36:31.985175+00:00,2025-04-07 14:36:32.994310+00:00,76.3029294753998,103543.07529811752,1.009135567001067
2025-04-07 14:36:32.994310+00:00,2025-04-07 14:36:34.000139+00:00,76.55381793869559,103955.11373360973,1.0058283449907321
2025-04-07 14:36:34.000139+00:00,2025-04-07 14:36:35.007961+00:00,67.47221158019498,91627.26332590479,1.007822307990864
2025-04-07 14:36:35.007961+00:00,2025-04-07 14:36:36.018787+00:00,78.15385130545393,105975.6330809385,1.0108267050236464
2025-04-07 14:36:36.018787+00:00,2025-04-07 14:36:37.027131+00:00,77.3545582843006,104946.33418924689,1.0083439390000422
2025-04-07 14:36:37.027131+00:00,2025-04-07 14:36:38.031457+00:00,77.66403648578643,105390.09751121218,1.0043258569785394
2025-04-07 14:36:38.031457+00:00,2025-04-07 14:36:39.042158+00:00,77.1741435146224,104725.3127493426,1.0107012070075143
2025-04-07 14:36:39.042158+00:00,2025-04-07 14:36:40.052390+00:00,76.2201210563159,103430.70427342068,1.0102319300058298
2025-04-07 14:36:40.052390+00:00,2025-04-07 14:36:41.063116+00:00,77.17227869166967,104722.78218459575,1.010725630010711
2025-04-07 14:36:41.063116+00:00,2025-04-07 14:36:42.076612+00:00,73.01462831080835,99080.85061776692,1.0134955379762687
2025-04-07 14:36:42.076612+00:00,2025-04-07 14:36:43.079180+00:00,75.80531429015008,102867.81149173366,1.0025682330015115
2025-04-07 14:36:43.079180+00:00,2025-04-07 14:36:44.085182+00:00,77.53464782037852,105214.51709225366,1.0060018610092811
2025-04-07 14:36:44.085182+00:00,2025-04-07 14:36:45.089953+00:00,65.68661866612301,89136.74152992891,1.0047708550118841
2025-04-07 14:36:45.089953+00:00,2025-04-07 14:36:46.099925+00:00,77.22980874180338,104800.85046262718,1.009972719999496
2025-04-07 14:36:46.099925+00:00,2025-04-07 14:36:47.105166+00:00,76.59857604860603,103944.26769795839,1.0052406189788599
2025-04-07 14:36:47.105166+00:00,2025-04-07 14:36:48.110079+00:00,77.6185947995093,105328.43314293411,1.0049138379981741
2025-04-07 14:36:48.110079+00:00,2025-04-07 14:36:49.112625+00:00,78.79945664223956,107001.68242834945,1.0025449840177316
2025-04-07 14:36:49.112625+00:00,2025-04-07 14:36:50.113810+00:00,76.90881990207409,104409.21650420144,1.001185561006423
2025-04-07 14:36:50.113810+00:00,2025-04-07 14:36:51.120116+00:00,72.54259860416235,98367.76370724416,1.0063052799960133
2025-04-07 14:36:51.120116+00:00,2025-04-07 14:36:52.130482+00:00,77.1996855287618,104746.11690871693,1.0103668099909555
2025-04-07 14:36:52.130482+00:00,2025-04-07 14:36:53.133008+00:00,76.8059884578981,104225.72633736771,1.0025259949907195
2025-04-07 14:36:53.133008+00:00,2025-04-07 14:36:54.205507+00:00,63.40334043304759,86038.33296764558,1.0724986970017198
2025-04-07 14:36:54.205507+00:00,2025-04-07 14:36:55.207909+00:00,76.81549210670221,104238.62278879489,1.002401962003205
2025-04-07 14:36:55.207909+00:00,2025-04-07 14:36:56.219734+00:00,78.0767254657382,105950.11645700675,1.0118252210086212
2025-04-07 14:36:56.219734+00:00,2025-04-07 14:36:57.228898+00:00,77.29170224277749,104884.83994344904,1.0091639559832402
2025-04-07 14:36:57.228898+00:00,2025-04-07 14:36:58.239524+00:00,77.17989683403097,104733.12000378003,1.0106258650193922
2025-04-07 14:36:58.239524+00:00,2025-04-07 14:36:59.248931+00:00,77.27309623384336,104859.59158932544,1.0094069449987728
2025-04-07 14:36:59.248931+00:00,2025-04-07 14:37:00.256665+00:00,75.4167190255337,102340.48771764922,1.0077341069991235
2025-04-07 14:37:00.256665+00:00,2025-04-07 14:37:01.267737+00:00,72.20065692516098,97976.29144744345,1.0110711329907645
2025-04-07 14:37:01.267737+00:00,2025-04-07 14:37:02.270356+00:00,78.79358979111039,106922.9013465368,1.0026196319959126
2025-04-07 14:37:02.270356+00:00,2025-04-07 14:37:03.275454+00:00,76.60948818926317,103963.0551865023,1.0050974340119865
2025-04-07 14:37:03.275454+00:00,2025-04-07 14:37:04.282356+00:00,67.5338589523721,91710.98045732132,1.0069023309915792
2025-04-07 14:37:04.282356+00:00,2025-04-07 14:37:05.284822+00:00,72.82036802719455,98815.24433432691,1.0024667819961905
2025-04-07 14:37:05.284822+00:00,2025-04-07 14:37:06.289182+00:00,76.66578081755739,103969.75104301033,1.0043594310118351
2025-04-07 14:37:06.289182+00:00,2025-04-07 14:37:07.289604+00:00,75.96791487487396,103088.46048520396,1.0004223510040902
2025-04-07 14:37:07.289604+00:00,2025-04-07 14:37:08.299932+00:00,77.20261441863508,104763.9477660878,1.0103284789947793
2025-04-07 14:37:08.299932+00:00,2025-04-07 14:37:09.311029+00:00,78.13307006650797,106026.57608025131,1.0110955570125952
2025-04-07 14:37:09.311029+00:00,2025-04-07 14:37:10.317985+00:00,76.46801257249471,103767.09306087533,1.0069569929910358
2025-04-07 14:37:10.317985+00:00,2025-04-07 14:37:11.325165+00:00,72.4796575226317,98354.89525821123,1.007179151987657
2025-04-07 14:37:11.325165+00:00,2025-04-07 14:37:12.327374+00:00,76.83024618260143,104258.64406979013,1.0022094660089351
2025-04-07 14:37:12.327374+00:00,2025-04-07 14:37:13.334283+00:00,76.47158957556795,103771.9470540457,1.006909891992109
2025-04-07 14:37:13.334283+00:00,2025-04-07 14:37:14.337661+00:00,64.78128335848163,87908.20151745957,1.00337623199448
2025-04-07 14:37:14.337661+00:00,2025-04-07 14:37:15.348137+00:00,77.19121537675187,104748.47926625228,1.0104776770167518
2025-04-07 14:37:15.348137+00:00,2025-04-07 14:37:16.361036+00:00,76.0194994331594,103158.4607307973,1.0128980139852501
2025-04-07 14:37:16.361036+00:00,2025-04-07 14:37:17.368329+00:00,76.44247529125771,103732.43897023672,1.0072933890041895
2025-04-07 14:37:17.368329+00:00,2025-04-07 14:37:18.375360+00:00,77.45542231074218,105129.84749507646,1.007030853012111
2025-04-07 14:37:18.375360+00:00,2025-04-07 14:37:19.384813+00:00,76.27890945880672,103586.75904505953,1.0094533409865107
2025-04-07 14:37:19.384813+00:00,2025-04-07 14:37:20.385130+00:00,70.97753667388724,96348.507142149,1.0003164850058965
2025-04-07 14:37:20.385130+00:00,2025-04-07 14:37:21.395670+00:00,76.19688950899291,103322.98217419439,1.0105399379972368
2025-04-07 14:37:21.395670+00:00,2025-04-07 14:37:22.399438+00:00,78.70337626063485,106793.50786879763,1.00376888201572
2025-04-07 14:37:22.399438+00:00,2025-04-07 14:37:23.468808+00:00,68.26454503537903,92634.98761300935,1.0693691719789058
2025-04-07 14:37:23.468808+00:00,2025-04-07 14:37:24.478889+00:00,77.22148702158374,104789.55788828914,1.0100815590121783
2025-04-07 14:37:24.478889+00:00,2025-04-07 14:37:25.487453+00:00,76.34623202280652,103601.83685494844,1.0085631989932153
2025-04-07 14:37:25.487453+00:00,2025-04-07 14:37:26.490828+00:00,76.74096585674789,104137.49066760688,1.0033754350151867
2025-04-07 14:37:26.490828+00:00,2025-04-07 14:37:27.500415+00:00,74.28779819939065,100808.54215657311,1.0095870629884303
2025-04-07 14:37:27.500415+00:00,2025-04-07 14:37:28.502336+00:00,74.85621005342387,101579.87704249618,1.0019208820012864
2025-04-07 14:37:28.502336+00:00,2025-04-07 14:37:29.515225+00:00,77.99469602249222,105838.80250252195,1.0128893890068866
2025-04-07 14:37:29.515225+00:00,2025-04-07 14:37:30.516567+00:00,72.90216602283955,98928.23929299328,1.001341989991488
2025-04-07 14:37:30.516567+00:00,2025-04-07 14:37:31.523080+00:00,77.49527043699794,105161.0819830062,1.0065130369912367
2025-04-07 14:37:31.523080+00:00,2025-04-07 14:37:32.534227+00:00,76.15118304499198,103337.15539205412,1.0111464710207656
2025-04-07 14:37:32.534227+00:00,2025-04-07 14:37:33.543955+00:00,66.35450142077202,90044.04879368047,1.0097280299814884
2025-04-07 14:37:33.543955+00:00,2025-04-07 14:37:34.549282+00:00,75.59724561952987,102661.05955132158,1.005327632999979
2025-04-07 14:37:34.549282+00:00,2025-04-07 14:37:35.555884+00:00,77.48847817514522,105226.37303576355,1.0066012630122714
2025-04-07 14:37:35.555884+00:00,2025-04-07 14:37:36.560663+00:00,77.62900601355005,105256.97020503915,1.004779063980095
2025-04-07 14:37:36.560663+00:00,2025-04-07 14:37:37.561453+00:00,76.9391768089751,104386.47872801065,1.0007905360253062
2025-04-07 14:37:37.561453+00:00,2025-04-07 14:37:38.563672+00:00,76.82950426712134,104257.63729048366,1.0022191439929884
2025-04-07 14:37:38.563672+00:00,2025-04-07 14:37:39.569825+00:00,73.54753161365882,99804.00039973503,1.0061520540039055
2025-04-07 14:37:39.569825+00:00,2025-04-07 14:37:40.581067+00:00,71.19951397550953,96617.74046476644,1.011242857988691
2025-04-07 14:37:40.581067+00:00,2025-04-07 14:37:41.590009+00:00,76.317594777719,103562.97611336468,1.0089416500122752
2025-04-07 14:37:41.590009+00:00,2025-04-07 14:37:42.591914+00:00,77.85165414082837,105644.69466910411,1.0019054939912166
2025-04-07 14:37:42.591914+00:00,2025-04-07 14:37:43.600282+00:00,67.43569299590455,91510.23539544248,1.008368075999897
2025-04-07 14:37:43.600282+00:00,2025-04-07 14:37:44.611012+00:00,77.17197030172053,104722.36369943478,1.010729669011198
2025-04-07 14:37:44.611012+00:00,2025-04-07 14:37:45.620459+00:00,76.2794028236768,103511.14963172942,1.0094468119787052
2025-04-07 14:37:45.620459+00:00,2025-04-07 14:37:46.620785+00:00,76.97493449661613,104454.98611190809,1.000325632019667
2025-04-07 14:37:46.620785+00:00,2025-04-07 14:37:47.624381+00:00,76.72408622359364,104114.58500541658,1.0035961819812655
2025-04-07 14:37:47.624381+00:00,2025-04-07 14:37:48.629298+00:00,77.61835296330105,105328.10497119953,1.0049169690173585
2025-04-07 14:37:48.629298+00:00,2025-04-07 14:37:49.639209+00:00,73.27377729151159,99495.88770007658,1.0099110860028304
2025-04-07 14:37:49.639209+00:00,2025-04-07 14:37:50.641589+00:00,73.82428543025756,100253.37961428976,1.002380172983976
2025-04-07 14:37:50.641589+00:00,2025-04-07 14:37:51.642321+00:00,77.94296087288615,105729.62642407007,1.0007318060088437
2025-04-07 14:37:51.642321+00:00,2025-04-07 14:37:52.784241+00:00,68.30604149599218,92651.89097842907,1.1419194889895152
2025-04-07 14:37:52.784241+00:00,2025-04-07 14:37:53.789559+00:00,76.59265429862137,103936.23188322921,1.0053183390118647
2025-04-07 14:37:53.789559+00:00,2025-04-07 14:37:54.796359+00:00,75.48666223945075,102435.40065893468,1.0068003769847564
2025-04-07 14:37:54.796359+00:00,2025-04-07 14:37:55.798416+00:00,77.83984172261208,105628.66521758458,1.0020575360103976
2025-04-07 14:37:55.798416+00:00,2025-04-07 14:37:56.805220+00:00,77.47295266448965,105130.79676571247,1.0068029850081075
2025-04-07 14:37:56.805220+00:00,2025-04-07 14:37:57.811355+00:00,77.52435698296448,105200.5524258828,1.006135400995845
2025-04-07 14:37:57.811355+00:00,2025-04-07 14:37:58.820252+00:00,77.31218457478822,104912.63446798762,1.0088965979812201
2025-04-07 14:37:58.820252+00:00,2025-04-07 14:37:59.831939+00:00,71.16825524695453,96575.32237011728,1.0116870190249756
2025-04-07 14:37:59.831939+00:00,2025-04-07 14:38:00.843054+00:00,76.15352395726927,103340.3320100144,1.0111153890029527
2025-04-07 14:38:00.843054+00:00,2025-04-07 14:38:01.847559+00:00,73.66814900470716,99967.67819938762,1.0045046739978716
2025-04-07 14:38:01.847559+00:00,2025-04-07 14:38:02.857982+00:00,67.29852100144693,91324.09299896349,1.0104233939782716
2025-04-07 14:38:02.857982+00:00,2025-04-07 14:38:03.860726+00:00,77.78655664312863,105556.35736472557,1.0027439620171208
2025-04-07 14:38:03.860726+00:00,2025-04-07 14:38:04.861592+00:00,76.93337362155528,104442.54993223425,1.0008660269959364
2025-04-07 14:38:04.861592+00:00,2025-04-07 14:38:05.866112+00:00,76.65349645447327,104095.44818517471,1.0045203879999463
2025-04-07 14:38:05.866112+00:00,2025-04-07 14:38:06.866957+00:00,76.93502859909171,104386.84562194944,1.0008444970007986
2025-04-07 14:38:06.866957+00:00,2025-04-07 14:38:07.873563+00:00,76.49470413514722,103745.69412386439,1.006605631991988
2025-04-07 14:38:07.873563+00:00,2025-04-07 14:38:08.873810+00:00,77.98070601250875,105819.81805897437,1.000247420015512
2025-04-07 14:38:08.873810+00:00,2025-04-07 14:38:09.885999+00:00,73.1088415311996,99208.69795783787,1.0121894759940915
2025-04-07 14:38:09.885999+00:00,2025-04-07 14:38:10.887030+00:00,76.92071720189291,104381.41324296869,1.0010307079937775
2025-04-07 14:38:10.887030+00:00,2025-04-07 14:38:11.894710+00:00,77.40556735129985,105039.35489571388,1.0076794560009148
2025-04-07 14:38:11.894710+00:00,2025-04-07 14:38:12.900395+00:00,63.638182884028524,86357.01417362671,1.0056855349976104
2025-04-07 14:38:12.900395+00:00,2025-04-07 14:38:13.907008+00:00,75.50071107912072,102454.46493436683,1.0066130360064562
2025-04-07 14:38:13.907008+00:00,2025-04-07 14:38:14.912220+00:00,75.60592347931096,102597.23816142498,1.0052122439956293
2025-04-07 14:38:14.912220+00:00,2025-04-07 14:38:15.912230+00:00,77.99922382917092,105844.94673618492,1.0000099510070868
2025-04-07 14:38:15.912230+00:00,2025-04-07 14:38:16.925398+00:00,77.97456961380446,105811.49096593265,1.0131508309859782
2025-04-07 14:38:16.925398+00:00,2025-04-07 14:38:17.937675+00:00,78.0405953751856,105901.08792412687,1.0122936610132456
2025-04-07 14:38:17.937675+00:00,2025-04-07 14:38:18.944378+00:00,72.51393993073526,98401.41648600774,1.0067029880010523
2025-04-07 14:38:18.944378+00:00,2025-04-07 14:38:19.954891+00:00,76.19892964415499,103429.6562288071,1.0105128819996025
2025-04-07 14:38:19.954891+00:00,2025-04-07 14:38:20.965071+00:00,76.22404101629972,103459.78180177316,1.010179976990912
2025-04-07 14:38:20.965071+00:00,2025-04-07 14:38:22.054850+00:00,67.90365401263023,92077.3548411266,1.089779350993922
2025-04-07 14:38:22.054850+00:00,2025-04-07 14:38:23.057817+00:00,77.76922929926431,105529.85303489784,1.0029673780081794
2025-04-07 14:38:23.057817+00:00,2025-04-07 14:38:24.059651+00:00,75.86091848929424,102943.26638997227,1.0018333749903832
2025-04-07 14:38:24.059651+00:00,2025-04-07 14:38:25.068382+00:00,75.34216465647908,102239.31743884213,1.008731303998502
2025-04-07 14:38:25.068382+00:00,2025-04-07 14:38:26.080279+00:00,77.0829294325532,104601.53523997469,1.011897194024641
2025-04-07 14:38:26.080279+00:00,2025-04-07 14:38:27.081945+00:00,76.87196206049708,104315.25251609454,1.00166559999343
2025-04-07 14:38:27.081945+00:00,2025-04-07 14:38:28.082840+00:00,75.93200956756304,103039.73698318306,1.0008954119984992
2025-04-07 14:38:28.082840+00:00,2025-04-07 14:38:29.094091+00:00,73.17671859646113,99300.80713539776,1.0112505919823889
2025-04-07 14:38:29.094091+00:00,2025-04-07 14:38:30.097005+00:00,76.77630440465694,104185.44507711945,1.0029136020166334
2025-04-07 14:38:30.097005+00:00,2025-04-07 14:38:31.105233+00:00,77.36340370493119,104982.13882759161,1.0082286490069237
2025-04-07 14:38:31.105233+00:00,2025-04-07 14:38:32.116481+00:00,67.24369622885511,91249.69578255639,1.01124720700318
2025-04-07 14:38:32.116481+00:00,2025-04-07 14:38:33.118832+00:00,76.8193752955544,104243.89227606732,1.002351290982915
2025-04-07 14:38:33.118832+00:00,2025-04-07 14:38:34.122804+00:00,76.69535492930451,104084.56103120082,1.0039721450011712
2025-04-07 14:38:34.122804+00:00,2025-04-07 14:38:35.128022+00:00,74.6107122657848,101321.34725693575,1.0052175850141793
2025-04-07 14:38:35.128022+00:00,2025-04-07 14:38:36.138032+00:00,76.23685097884315,103451.42660034266,1.0100102379801683
2025-04-07 14:38:36.138032+00:00,2025-04-07 14:38:37.144858+00:00,77.47115970705447,105064.79764271328,1.0068262860004324
2025-04-07 14:38:37.144858+00:00,2025-04-07 14:38:38.145299+00:00,75.96650849252553,103086.55202435715,1.0004408720124047
2025-04-07 14:38:38.145299+00:00,2025-04-07 14:38:39.153705+00:00,72.39148341562058,98235.24299499714,1.008405914006289
2025-04-07 14:38:39.153705+00:00,2025-04-07 14:38:40.155067+00:00,75.89659551958326,102991.68012007448,1.001362438983051
2025-04-07 14:38:40.155067+00:00,2025-04-07 14:38:41.161726+00:00,76.49065097198192,103797.81336897946,1.0066589710186236
2025-04-07 14:38:41.161726+00:00,2025-04-07 14:38:42.173905+00:00,67.18181272376405,91165.71986614783,1.012178701988887
2025-04-07 14:38:42.173905+00:00,2025-04-07 14:38:43.174568+00:00,77.948302425145,105775.84639092178,1.0006632290023845
2025-04-07 14:38:43.174568+00:00,2025-04-07 14:38:44.185488+00:00,78.14667047695994,106045.03183723464,1.0109195889963303
2025-04-07 14:38:44.185488+00:00,2025-04-07 14:38:45.190376+00:00,76.62542442918186,103980.7009503998,1.004888397990726
2025-04-07 14:38:45.190376+00:00,2025-04-07 14:38:46.203413+00:00,76.99623177018526,104483.8865121414,1.0130365890217945
2025-04-07 14:38:46.203413+00:00,2025-04-07 14:38:47.204385+00:00,73.92809029612721,100320.41853184463,1.0009726979769766
2025-04-07 14:38:47.204385+00:00,2025-04-07 14:38:48.207784+00:00,71.7560821325653,97373.00345389111,1.0033992640092038
2025-04-07 14:38:48.207784+00:00,2025-04-07 14:38:49.210180+00:00,77.81359706230451,105586.06794201599,1.0023955059878062
2025-04-07 14:38:49.210180+00:00,2025-04-07 14:38:50.218406+00:00,77.36356752801197,104904.99756798423,1.008226514008129
2025-04-07 14:38:50.218406+00:00,2025-04-07 14:38:51.329172+00:00,68.42126950380357,92836.85935831875,1.1107657100073993
2025-04-07 14:38:51.329172+00:00,2025-04-07 14:38:52.341783+00:00,77.02864437601878,104527.87041825747,1.012610317004146
2025-04-07 14:38:52.341783+00:00,2025-04-07 14:38:53.349191+00:00,77.42635579502118,105067.56481384375,1.0074089010013267
2025-04-07 14:38:53.349191+00:00,2025-04-07 14:38:54.361379+00:00,75.08488998916945,101890.19571530295,1.0121876719931606
2025-04-07 14:38:54.361379+00:00,2025-04-07 14:38:55.369021+00:00,76.41601877344327,103696.53747556251,1.0076421310077421
2025-04-07 14:38:55.369021+00:00,2025-04-07 14:38:56.378759+00:00,78.2381343400758,106169.14829948285,1.009737778978888
2025-04-07 14:38:56.378759+00:00,2025-04-07 14:38:57.381430+00:00,77.79222963374832,105564.05561299647,1.0026708370132837
2025-04-07 14:38:57.381430+00:00,2025-04-07 14:38:58.392413+00:00,69.2394861557018,93957.98271328735,1.0109838169883005
2025-04-07 14:38:58.392413+00:00,2025-04-07 14:38:59.392444+00:00,76.9976544959925,104485.81715106184,1.0000304620189127
2025-04-07 14:38:59.392444+00:00,2025-04-07 14:39:00.396936+00:00,76.65573785650467,104021.83627127684,1.0044910159776919
2025-04-07 14:39:00.396936+00:00,2025-04-07 14:39:01.406724+00:00,66.35049730280596,90037.6248399077,1.0097889650205616
2025-04-07 14:39:01.406724+00:00,2025-04-07 14:39:02.414800+00:00,77.37513558275973,104998.05898580495,1.008075777994236
2025-04-07 14:39:02.414800+00:00,2025-04-07 14:39:03.416447+00:00,77.8717577527291,105748.8486723375,1.0016468389949296
2025-04-07 14:39:03.416447+00:00,2025-04-07 14:39:04.428158+00:00,77.09705303750022,104633.55048072737,1.0117118220077828
2025-04-07 14:39:04.428158+00:00,2025-04-07 14:39:05.430579+00:00,76.81558245496676,104167.91543873661,1.0024007830070332
2025-04-07 14:39:05.430579+00:00,2025-04-07 14:39:06.432713+00:00,75.83668002304624,102910.37479127375,1.0021535749838222
2025-04-07 14:39:06.432713+00:00,2025-04-07 14:39:07.440172+00:00,76.42986143515994,103715.32196751203,1.007459631015081
2025-04-07 14:39:07.440172+00:00,2025-04-07 14:39:08.444981+00:00,71.65544786113205,97236.44274755618,1.0048084569862112
2025-04-07 14:39:08.444981+00:00,2025-04-07 14:39:09.446216+00:00,75.90629299869526,103004.83959922947,1.0012345089926384
2025-04-07 14:39:09.446216+00:00,2025-04-07 14:39:10.449143+00:00,75.77814757481586,102830.94625902512,1.0029276570130605
2025-04-07 14:39:10.449143+00:00,2025-04-07 14:39:11.451468+00:00,66.84462408324595,90708.15488096474,1.0023244339972734
2025-04-07 14:39:11.451468+00:00,2025-04-07 14:39:12.463227+00:00,76.10503078871447,103274.52678028554,1.011759659013478
2025-04-07 14:39:12.463227+00:00,2025-04-07 14:39:13.472290+00:00,76.30843474229812,103550.54594529855,1.0090627629833762
2025-04-07 14:39:13.472290+00:00,2025-04-07 14:39:14.484516+00:00,76.06998757818121,103226.97314359191,1.0122257469920442
2025-04-07 14:39:14.484516+00:00,2025-04-07 14:39:15.486219+00:00,76.86907958011827,104311.3409902205,1.0017031610186677
2025-04-07 14:39:15.486219+00:00,2025-04-07 14:39:16.496435+00:00,78.20106615899049,106118.84677775008,1.0102164059935603
2025-04-07 14:39:16.496435+00:00,2025-04-07 14:39:17.508553+00:00,73.11401034572631,99226.58033798578,1.0121179189882241
2025-04-07 14:39:17.508553+00:00,2025-04-07 14:39:18.513936+00:00,77.58236906451225,105356.85718960763,1.005383064999478
2025-04-07 14:39:18.513936+00:00,2025-04-07 14:39:19.524111+00:00,76.22443210509404,103402.8968251636,1.0101747940061614
2025-04-07 14:39:19.524111+00:00,2025-04-07 14:39:20.673954+00:00,64.35663376701781,87290.20717831861,1.1498426140169613
2025-04-07 14:39:20.673954+00:00,2025-04-07 14:39:21.683944+00:00,75.24824378480332,102111.86681597811,1.009990348975407
2025-04-07 14:39:21.683944+00:00,2025-04-07 14:39:22.693248+00:00,77.28100427390305,104870.32279968644,1.0093036540201865
2025-04-07 14:39:22.693248+00:00,2025-04-07 14:39:23.696813+00:00,77.72289518431886,105469.96876512069,1.003565291990526
2025-04-07 14:39:23.696813+00:00,2025-04-07 14:39:24.709534+00:00,77.02023224894657,104516.4551618205,1.0127209140046034
2025-04-07 14:39:24.709534+00:00,2025-04-07 14:39:25.713722+00:00,76.6788758469558,104053.23452431904,1.0041879089840222
2025-04-07 14:39:25.713722+00:00,2025-04-07 14:39:26.713770+00:00,76.99634690784336,104484.04275394343,1.000047445006203
2025-04-07 14:39:26.713770+00:00,2025-04-07 14:39:27.726127+00:00,72.10892912329625,97851.816820313,1.0123572890006471
2025-04-07 14:39:27.726127+00:00,2025-04-07 14:39:28.733307+00:00,76.45103629912911,103744.05625791822,1.0071805920160841
2025-04-07 14:39:28.733307+00:00,2025-04-07 14:39:29.739780+00:00,77.49837841701654,105165.29951189144,1.0064726719865575
2025-04-07 14:39:29.739780+00:00,2025-04-07 14:39:30.742947+00:00,66.78845325076917,90631.93106129377,1.0031674150086474
2025-04-07 14:39:30.742947+00:00,2025-04-07 14:39:31.743578+00:00,75.95213640735552,103067.04910478146,1.0006301809917204
2025-04-07 14:39:31.743578+00:00,2025-04-07 14:39:32.755431+00:00,75.10963847697518,101960.34594777701,1.0118541580159217
2025-04-07 14:39:32.755431+00:00,2025-04-07 14:39:33.755875+00:00,76.96588102498315,104460.69257503783,1.0004432999994606
2025-04-07 14:39:33.755875+00:00,2025-04-07 14:39:34.756757+00:00,75.93303207838719,102967.1897359793,1.0008819339855108
2025-04-07 14:39:34.756757+00:00,2025-04-07 14:39:35.765765+00:00,76.31258969831596,103556.18422061476,1.0090078230132349
2025-04-07 14:39:35.765765+00:00,2025-04-07 14:39:36.776050+00:00,78.19574929060992,106111.63178735768,1.0102850949915592
2025-04-07 14:39:36.776050+00:00,2025-04-07 14:39:37.778780+00:00,72.80120749429194,98791.23856975418,1.0027306209958624
2025-04-07 14:39:37.778780+00:00,2025-04-07 14:39:38.786234+00:00,77.42289400635711,105062.86716662659,1.0074539449997246
2025-04-07 14:39:38.786234+00:00,2025-04-07 14:39:39.798552+00:00,77.0508876286273,104558.05451204724,1.0123179939982947
2025-04-07 14:39:39.798552+00:00,2025-04-07 14:39:40.805120+00:00,65.56939066490224,88977.66313227234,1.0065672310010996
2025-04-07 14:39:40.805120+00:00,2025-04-07 14:39:41.807433+00:00,76.82227550612099,104247.82786180619,1.0023134500079323
2025-04-07 14:39:41.807433+00:00,2025-04-07 14:39:42.814925+00:00,77.42001285190261,105058.95744003184,1.0074914369906764
2025-04-07 14:39:42.814925+00:00,2025-04-07 14:39:43.818621+00:00,75.72015232404085,102752.24670372345,1.003695815015817
2025-04-07 14:39:43.818621+00:00,2025-04-07 14:39:44.828487+00:00,77.23789538671811,104811.82403977647,1.00986697798362
2025-04-07 14:39:44.828487+00:00,2025-04-07 14:39:45.837533+00:00,77.30078670901649,104897.16756413538,1.0090453580196481
2025-04-07 14:39:45.837533+00:00,2025-04-07 14:39:46.847399+00:00,72.28676234817233,98106.00949154556,1.0098667809797917
2025-04-07 14:39:46.847399+00:00,2025-04-07 14:39:47.848105+00:00,76.94570749261203,104492.27077496714,1.0007055950118229
2025-04-07 14:39:47.848105+00:00,2025-04-07 14:39:48.849847+00:00,76.86612035721211,104283.36705345666,1.0017417249910068
2025-04-07 14:39:48.849847+00:00,2025-04-07 14:39:49.920155+00:00,68.20462438954885,92504.15687069113,1.0703086580033414
2025-04-07 14:39:49.920155+00:00,2025-04-07 14:39:50.927832+00:00,77.40580647950381,105039.67939268667,1.0076763429970015
2025-04-07 14:39:50.927832+00:00,2025-04-07 14:39:51.929775+00:00,76.85068910140394,104286.38511060516,1.001942870003404
2025-04-07 14:39:51.929775+00:00,2025-04-07 14:39:52.941401+00:00,77.10477889690512,104631.18496310026,1.0116104490007274
2025-04-07 14:39:52.941401+00:00,2025-04-07 14:39:53.942266+00:00,76.93222693870494,104397.0319558226,1.000880945008248
2025-04-07 14:39:53.942266+00:00,2025-04-07 14:39:54.953128+00:00,72.21558750024121,97996.55223782732,1.0108620940009132
2025-04-07 14:39:54.953128+00:00,2025-04-07 14:39:55.953731+00:00,76.95363951141047,104426.08881698402,1.0006024469912518
2025-04-07 14:39:55.953731+00:00,2025-04-07 14:39:56.961287+00:00,73.44505569596765,99664.9405794281,1.0075559109973256
2025-04-07 14:39:56.961287+00:00,2025-04-07 14:39:57.966802+00:00,77.57218659842408,105265.45721406148,1.0055150359985419
2025-04-07 14:39:57.966802+00:00,2025-04-07 14:39:58.973367+00:00,77.49122847131602,105155.59703557585,1.0065655370126478
2025-04-07 14:39:58.973367+00:00,2025-04-07 14:39:59.976144+00:00,65.81722746805056,89313.97767414461,1.0027769709995482
2025-04-07 14:39:59.976144+00:00,2025-04-07 14:40:00.986050+00:00,76.24473596257045,103464.1067012081,1.0099057859915774
2025-04-07 14:40:00.986050+00:00,2025-04-07 14:40:01.995374+00:00,76.28865437628752,103553.42684097658,1.009324396000011
2025-04-07 14:40:01.995374+00:00,2025-04-07 14:40:03.000290+00:00,77.61844812314361,105405.852551229,1.0049157369940076
2025-04-07 14:40:03.000290+00:00,2025-04-07 14:40:04.003004+00:00,77.78887763980433,105492.6883059085,1.0027140430174768
2025-04-07 14:40:04.003004+00:00,2025-04-07 14:40:05.008347+00:00,76.59081441708626,103902.89990103892,1.005342488992028
2025-04-07 14:40:05.008347+00:00,2025-04-07 14:40:06.016982+00:00,73.36645527450294,99558.27980750048,1.0086353459919337
2025-04-07 14:40:06.016982+00:00,2025-04-07 14:40:07.030055+00:00,70.08383952015282,95103.77022884738,1.0130723500042222
2025-04-07 14:40:07.030055+00:00,2025-04-07 14:40:08.038820+00:00,75.33956172493038,102235.78526073052,1.0087661549914628
2025-04-07 14:40:08.038820+00:00,2025-04-07 14:40:09.047299+00:00,76.3526356274349,103610.52654642916,1.0084786119987257
2025-04-07 14:40:09.047299+00:00,2025-04-07 14:40:10.055585+00:00,66.4494550354115,90171.9104830534,1.0082851689949166
2025-04-07 14:40:10.055585+00:00,2025-04-07 14:40:11.062126+00:00,73.51906204108953,99765.36718975849,1.0065416770230513
2025-04-07 14:40:11.062126+00:00,2025-04-07 14:40:12.072734+00:00,73.22328771083022,99364.00142359661,1.0106074489885941
2025-04-07 14:40:12.072734+00:00,2025-04-07 14:40:13.079024+00:00,72.5436265947852,98441.7012891235,1.0062910199922044
2025-04-07 14:40:13.079024+00:00,2025-04-07 14:40:14.083868+00:00,71.6529310437701,97233.02742639602,1.0048437509976793
2025-04-07 14:40:14.083868+00:00,2025-04-07 14:40:15.093500+00:00,70.3227178240504,95427.9280872364,1.0096310580265708
2025-04-07 14:40:15.093500+00:00,2025-04-07 14:40:16.101955+00:00,72.38791098990384,98230.39521329952,1.0084556799847633
2025-04-07 14:40:16.101955+00:00,2025-04-07 14:40:17.103453+00:00,70.89381609259179,96221.88002223521,1.0014977880055085
2025-04-07 14:40:17.103453+00:00,2025-04-07 14:40:18.108325+00:00,77.6217809643977,105410.37854965209,1.0048725889937486
2025-04-07 14:40:18.108325+00:00,2025-04-07 14:40:19.119105+00:00,77.1681233865283,104676.5807039952,1.0107800549885724
2025-04-07 14:40:19.119105+00:00,2025-04-07 14:40:20.131701+00:00,66.16660030476969,89744.623920835,1.0125954740215093
2025-04-07 14:40:20.131701+00:00,2025-04-07 14:40:21.143506+00:00,77.08991508443428,104611.01476957732,1.011805499001639
2025-04-07 14:40:21.143506+00:00,2025-04-07 14:40:22.150138+00:00,76.4926903059256,103800.58074514105,1.0066321329795755
2025-04-07 14:40:22.150138+00:00,2025-04-07 14:40:23.153279+00:00,77.75581695260571,105514.64360468595,1.0031403830216732
2025-04-07 14:40:23.153279+00:00,2025-04-07 14:40:24.161456+00:00,77.36734470913439,104987.48677029536,1.0081772909907158
2025-04-07 14:40:24.161456+00:00,2025-04-07 14:40:25.171875+00:00,76.2078047792068,103413.99108538362,1.0103951980127022
2025-04-07 14:40:25.171875+00:00,2025-04-07 14:40:26.200161+00:00,72.93525749055097,98973.14441467766,1.0283092509780545
2025-04-07 14:40:26.200161+00:00,2025-04-07 14:40:27.207644+00:00,75.43551041828967,102365.98763761908,1.007483074994525
2025-04-07 14:40:27.207644+00:00,2025-04-07 14:40:28.210037+00:00,70.83054062183518,96117.04362383035,1.0023924620181788
2025-04-07 14:40:28.210037+00:00,2025-04-07 14:40:29.210266+00:00,69.98389635674515,94968.14735610316,1.00023010498262
2025-04-07 14:40:29.210266+00:00,2025-04-07 14:40:30.218861+00:00,59.48869873811562,80726.1641876229,1.0085949310159776
2025-04-07 14:40:30.218861+00:00,2025-04-07 14:40:31.229992+00:00,74.17441568499807,100654.68208454236,1.0111303110024892
2025-04-07 14:40:31.229992+00:00,2025-04-07 14:40:32.242153+00:00,73.11086427145786,99223.2986321961,1.0121614719973877
2025-04-07 14:40:32.242153+00:00,2025-04-07 14:40:33.243269+00:00,73.91755465103758,100380.03921610903,1.001115368999308
2025-04-07 14:40:33.243269+00:00,2025-04-07 14:40:34.243914+00:00,71.95356340072242,97623.99649897736,1.0006453690002672
2025-04-07 14:40:34.243914+00:00,2025-04-07 14:40:35.255419+00:00,70.19245253995685,95192.82915728682,1.011504761991091
2025-04-07 14:40:35.255419+00:00,2025-04-07 14:40:36.262009+00:00,71.52867566863327,97064.41288233535,1.0065893059945665
2025-04-07 14:40:36.262009+00:00,2025-04-07 14:40:37.266419+00:00,67.70135941815008,91870.74473042965,1.0044111460156273
2025-04-07 14:40:37.266419+00:00,2025-04-07 14:40:38.266842+00:00,73.9686770772059,100375.4947937684,1.0004234619846102
2025-04-07 14:40:38.266842+00:00,2025-04-07 14:40:39.270692+00:00,77.70085334444741,105440.05798841514,1.0038499790243804
2025-04-07 14:40:39.270692+00:00,2025-04-07 14:40:40.282837+00:00,62.244058237484275,84465.18702826617,1.0121448019926902
2025-04-07 14:40:40.282837+00:00,2025-04-07 14:40:41.293332+00:00,74.22104273471031,100717.9549910019,1.010495099995751
2025-04-07 14:40:41.293332+00:00,2025-04-07 14:40:42.306818+00:00,74.9887181200444,101759.69048890023,1.0134857869998086
2025-04-07 14:40:42.306818+00:00,2025-04-07 14:40:43.306916+00:00,75.99250219885509,103121.82548384636,1.0000986650120467
2025-04-07 14:40:43.306916+00:00,2025-04-07 14:40:44.312447+00:00,77.57105549080032,105263.92230101603,1.005529697984457
2025-04-07 14:40:44.312447+00:00,2025-04-07 14:40:45.313600+00:00,76.91125049215383,104368.56691785275,1.0011539210099727
2025-04-07 14:40:45.313600+00:00,2025-04-07 14:40:46.315916+00:00,77.81978245896231,105601.44479681186,1.0023158319818322
2025-04-07 14:40:46.315916+00:00,2025-04-07 14:40:47.323626+00:00,72.44147772644583,98303.08527478698,1.007709979021456
2025-04-07 14:40:47.323626+00:00,2025-04-07 14:40:48.326488+00:00,76.78024465217815,104267.57223765794,1.0028621339879464
2025-04-07 14:40:48.326488+00:00,2025-04-07 14:40:49.334189+00:00,75.41918973045422,102287.27607192854,1.0077010940003674
2025-04-07 14:40:49.334189+00:00,2025-04-07 14:40:50.345852+00:00,64.25066867369463,87151.58393265089,1.0116626230010297
2025-04-07 14:40:50.345852+00:00,2025-04-07 14:40:51.352809+00:00,75.47490523536294,102419.4464043875,1.0069572099891957
2025-04-07 14:40:51.352809+00:00,2025-04-07 14:40:52.357676+00:00,77.62222018314213,105333.35278852389,1.0048669030074961
2025-04-07 14:40:52.357676+00:00,2025-04-07 14:40:53.361912+00:00,76.6752398744496,104048.30050962811,1.0042355280020274
2025-04-07 14:40:53.361912+00:00,2025-04-07 14:40:54.372379+00:00,76.20238302679675,103406.63376736321,1.0104670870059635
2025-04-07 14:40:54.372379+00:00,2025-04-07 14:40:55.385415+00:00,75.02195527384033,101804.79330660134,1.01303678000113
2025-04-07 14:40:55.385415+00:00,2025-04-07 14:40:56.397938+00:00,71.10952043567616,96495.61923121255,1.0125226489908528
2025-04-07 14:40:56.397938+00:00,2025-04-07 14:40:57.405632+00:00,75.41970540187417,102344.54023034325,1.007694203988649
2025-04-07 14:40:57.405632+00:00,2025-04-07 14:40:58.416448+00:00,75.18683505564364,102028.53517050843,1.0108152570028324
2025-04-07 14:40:58.416448+00:00,2025-04-07 14:40:59.419425+00:00,73.78034344849824,100119.92605961212,1.0029771690024063
2025-04-07 14:40:59.419425+00:00,2025-04-07 14:41:00.421799+00:00,58.860264789012426,79873.37931868985,1.0023740160104353
2025-04-07 14:41:00.421799+00:00,2025-04-07 14:41:01.435236+00:00,71.04535510953289,96408.54688363613,1.0134371189924423
2025-04-07 14:41:01.435236+00:00,2025-04-07 14:41:02.449076+00:00,67.07173397540005,91025.22014587933,1.0138398990093265
2025-04-07 14:41:02.449076+00:00,2025-04-07 14:41:03.460106+00:00,68.24720885381262,92679.70962347755,1.0110303580004256
2025-04-07 14:41:03.460106+00:00,2025-04-07 14:41:04.474468+00:00,69.00893902506834,93665.83293872526,1.01436134200776
2025-04-07 14:41:04.474468+00:00,2025-04-07 14:41:05.483564+00:00,70.36001124788372,95408.17525213033,1.0090959160006605
2025-04-07 14:41:05.483564+00:00,2025-04-07 14:41:06.486218+00:00,72.80680445068626,98790.85481169625,1.0026535369979683
2025-04-07 14:41:06.486218+00:00,2025-04-07 14:41:07.488974+00:00,67.81300441972796,92022.24699757084,1.002757517999271
2025-04-07 14:41:07.488974+00:00,2025-04-07 14:41:08.490074+00:00,75.9165243910871,103018.72359870518,1.0010995710035786
2025-04-07 14:41:08.490074+00:00,2025-04-07 14:41:09.497407+00:00,76.43945920423054,103728.34614014084,1.0073331339808647
2025-04-07 14:41:09.497407+00:00,2025-04-07 14:41:10.502643+00:00,64.66144663116629,87745.58307849265,1.0052357840177137
2025-04-07 14:41:10.502643+00:00,2025-04-07 14:41:11.510673+00:00,76.38659365516556,103656.60759005966,1.0080302879796363
2025-04-07 14:41:11.510673+00:00,2025-04-07 14:41:12.523059+00:00,78.03347010244225,105891.41892901414,1.0123860940220766
2025-04-07 14:41:12.523059+00:00,2025-04-07 14:41:13.536242+00:00,77.97212059075073,105808.16764164876,1.0131826529977843
2025-04-07 14:41:13.536242+00:00,2025-04-07 14:41:14.540280+00:00,73.70234350480546,100014.080136021,1.0040386299951933
2025-04-07 14:41:14.540280+00:00,2025-04-07 14:41:15.549846+00:00,76.27040002424702,103498.93283290321,1.009565964981448
2025-04-07 14:41:15.549846+00:00,2025-04-07 14:41:16.554111+00:00,76.67305169311815,104045.33114756133,1.0042641879990697
2025-04-07 14:41:16.554111+00:00,2025-04-07 14:41:17.562516+00:00,71.39987533674208,96889.630831959,1.0084051220037509
2025-04-07 14:41:17.562516+00:00,2025-04-07 14:41:18.564337+00:00,75.86189910170641,103006.48441975645,1.0018204250081908
2025-04-07 14:41:18.564337+00:00,2025-04-07 14:41:19.574509+00:00,77.21450487225403,104818.69036408483,1.0101728959998582
2025-04-07 14:41:19.574509+00:00,2025-04-07 14:41:20.581066+00:00,65.5700683391959,88913.01266794965,1.0065568280115258
2025-04-07 14:41:20.581066+00:00,2025-04-07 14:41:21.591228+00:00,76.22538098524326,103420.0230767448,1.0101622189977206
2025-04-07 14:41:21.591228+00:00,2025-04-07 14:41:22.603404+00:00,76.07372352908561,103232.04282896918,1.012176036980236
2025-04-07 14:41:22.603404+00:00,2025-04-07 14:41:23.603702+00:00,74.97801779438159,101745.1701469758,1.0002931820054073
2025-04-07 14:41:23.603702+00:00,2025-04-07 14:41:24.615247+00:00,73.15619949474487,99272.96271436878,1.0115342310164124
2025-04-07 14:41:24.615247+00:00,2025-04-07 14:41:25.616033+00:00,70.94312362231251,96269.81875547807,1.0008017179789022
2025-04-07 14:41:25.616033+00:00,2025-04-07 14:41:26.657476+00:00,72.97568250829043,99028.00116375012,1.0414428120129742
2025-04-07 14:41:26.657476+00:00,2025-04-07 14:41:27.661054+00:00,76.72552020594678,104116.53091946978,1.0035774249990936
2025-04-07 14:41:27.661054+00:00,2025-04-07 14:41:28.666150+00:00,76.60958598188653,103959.20817742002,1.0050961509987246
2025-04-07 14:41:28.666150+00:00,2025-04-07 14:41:29.677077+00:00,76.16767001615247,103359.5282119189,1.0109276020084508
2025-04-07 14:41:29.677077+00:00,2025-04-07 14:41:30.688898+00:00,69.18223881878583,93880.29807709238,1.0118203919846565
2025-04-07 14:41:30.688898+00:00,2025-04-07 14:41:31.693559+00:00,76.6427507413227,104004.21275597489,1.004661226994358
2025-04-07 14:41:31.693559+00:00,2025-04-07 14:41:32.700465+00:00,77.46503221889141,105120.04872103564,1.0069059260131326
2025-04-07 14:41:32.700465+00:00,2025-04-07 14:41:33.701621+00:00,76.91107925463226,104328.38074113097,1.0011561500141397
2025-04-07 14:41:33.701621+00:00,2025-04-07 14:41:34.713102+00:00,76.12604167909441,103252.61741404238,1.0114804119803011
2025-04-07 14:41:34.713102+00:00,2025-04-07 14:41:35.726346+00:00,75.00651352520147,101783.8388536984,1.0132453360129148
2025-04-07 14:41:35.726346+00:00,2025-04-07 14:41:36.733352+00:00,68.5199905392029,92981.62716169833,1.0070053929812275
2025-04-07 14:41:36.733352+00:00,2025-04-07 14:41:37.737282+00:00,75.70251040584894,102728.306620737,1.0039297190087382
2025-04-07 14:41:37.737282+00:00,2025-04-07 14:41:38.742182+00:00,76.62450582375203,103979.45440283151,1.0049004449974746
2025-04-07 14:41:38.742182+00:00,2025-04-07 14:41:39.744104+00:00,66.8714821723836,90744.60130792453,1.0019218630040996
2025-04-07 14:41:39.744104+00:00,2025-04-07 14:41:40.749686+00:00,77.5670383991694,105258.47110767287,1.005581773002632
2025-04-07 14:41:40.749686+00:00,2025-04-07 14:41:41.759543+00:00,77.23868232998626,104812.89192179135,1.0098566889937501
2025-04-07 14:41:41.759543+00:00,2025-04-07 14:41:42.762266+00:00,76.79088077046542,104205.22520552158,1.0027232299908064
2025-04-07 14:41:42.762266+00:00,2025-04-07 14:41:43.770026+00:00,76.40712805801738,103684.47277472957,1.0077593800087925
2025-04-07 14:41:43.770026+00:00,2025-04-07 14:41:44.780867+00:00,74.19557763111744,100683.39884542637,1.0108419180032797
2025-04-07 14:41:44.780867+00:00,2025-04-07 14:41:45.788873+00:00,75.39636037875734,102312.8610339737,1.008006216987269
2025-04-07 14:41:45.788873+00:00,2025-04-07 14:41:46.798428+00:00,73.29963793814642,99493.36260890782,1.0095547820092179
2025-04-07 14:41:46.798428+00:00,2025-04-07 14:41:47.805587+00:00,75.4598611801983,102447.68337413213,1.0071579620125704
2025-04-07 14:41:47.805587+00:00,2025-04-07 14:41:48.812155+00:00,75.50401870772288,102383.44936767222,1.0065689389884938
2025-04-07 14:41:48.812155+00:00,2025-04-07 14:41:49.816914+00:00,64.69214212831585,87773.30317597388,1.0047588140005246
2025-04-07 14:41:49.816914+00:00,2025-04-07 14:41:50.826812+00:00,75.25513282182109,102121.21523921122,1.0098978920141235
2025-04-07 14:41:50.826812+00:00,2025-04-07 14:41:51.830232+00:00,75.7409831071546,102780.5140764088,1.0034197719942313
2025-04-07 14:41:51.830232+00:00,2025-04-07 14:41:52.841384+00:00,77.13969576265963,104678.5671499291,1.0111525490065105
2025-04-07 14:41:52.841384+00:00,2025-04-07 14:41:53.843797+00:00,77.81222920959922,105591.19503742615,1.0024131269892678
2025-04-07 14:41:53.843797+00:00,2025-04-07 14:41:54.847681+00:00,76.70206410246846,104084.70098704968,1.0038843269867357
2025-04-07 14:41:54.847681+00:00,2025-04-07 14:41:55.854134+00:00,76.50632799977734,103819.08709569785,1.0064526950009167
2025-04-07 14:41:55.854134+00:00,2025-04-07 14:41:56.861428+00:00,71.47862887650825,96996.4993854217,1.0072940840036608
2025-04-07 14:41:56.861428+00:00,2025-04-07 14:41:57.871939+00:00,75.20948394482379,102059.26971312589,1.010510855994653
2025-04-07 14:41:57.871939+00:00,2025-04-07 14:41:58.876247+00:00,74.67834966809217,101338.52049960106,1.0043071430118289
2025-04-07 14:41:58.876247+00:00,2025-04-07 14:41:59.884018+00:00,64.49871239485395,87524.75271981681,1.007772056007525
2025-04-07 14:41:59.884018+00:00,2025-04-07 14:42:00.893475+00:00,77.27042256218554,104855.96341688579,1.009441871981835
2025-04-07 14:42:00.893475+00:00,2025-04-07 14:42:01.903255+00:00,77.24345022545589,104875.80909264686,1.0097943550208583
2025-04-07 14:42:01.903255+00:00,2025-04-07 14:42:02.907058+00:00,76.7094039903894,104058.79707802784,1.0037882709875703
2025-04-07 14:42:02.907058+00:00,2025-04-07 14:42:03.910582+00:00,76.72842686772408,104073.64102491998,1.003539407014614
2025-04-07 14:42:03.910582+00:00,2025-04-07 14:42:04.914207+00:00,75.7258130377392,102759.9282922121,1.0036207859811839
2025-04-07 14:42:04.914207+00:00,2025-04-07 14:42:05.938261+00:00,71.28501067122082,96733.75948084665,1.0240582039987203
2025-04-07 14:42:05.938261+00:00,2025-04-07 14:42:06.949991+00:00,78.08407157482804,105960.08512704165,1.0117300290148705
2025-04-07 14:42:06.949991+00:00,2025-04-07 14:42:07.961204+00:00,77.13515798565,104672.40938652704,1.011212034005439
2025-04-07 14:42:07.961204+00:00,2025-04-07 14:42:09.097483+00:00,67.76502024463801,91957.13247197379,1.1362794509914238
2025-04-07 14:42:09.097483+00:00,2025-04-07 14:42:10.108990+00:00,75.13540673138606,101958.74693449087,1.0115071350010112
2025-04-07 14:42:10.108990+00:00,2025-04-07 14:42:11.118773+00:00,73.28309711120895,99445.16277991053,1.0097826499841176
2025-04-07 14:42:11.118773+00:00,2025-04-07 14:42:12.132131+00:00,75.98493353342434,103111.55480485683,1.0133587860036641
2025-04-07 14:42:12.132131+00:00,2025-04-07 14:42:13.138077+00:00,76.54487587782846,103871.39656621321,1.0059458470204845
2025-04-07 14:42:13.138077+00:00,2025-04-07 14:42:14.144983+00:00,77.46501275693169,105120.02231115631,1.0069061789836269
2025-04-07 14:42:14.144983+00:00,2025-04-07 14:42:15.150693+00:00,76.56285838873198,103895.7988335093,1.0057095779920928
2025-04-07 14:42:15.150693+00:00,2025-04-07 14:42:16.163550+00:00,72.07336186744192,97847.9808388315,1.0128568740037736
2025-04-07 14:42:16.163550+00:00,2025-04-07 14:42:17.163826+00:00,76.97873316138066,104482.13482375395,1.0002762690128293
2025-04-07 14:42:17.163826+00:00,2025-04-07 14:42:18.172168+00:00,76.36295434870867,103549.15782352882,1.008342338987859
2025-04-07 14:42:18.172168+00:00,2025-04-07 14:42:19.175929+00:00,65.75270630673405,89226.42245823811,1.0037609660066664
2025-04-07 14:42:19.175929+00:00,2025-04-07 14:42:20.183554+00:00,77.40979059975011,105045.08584386088,1.0076244800002314
2025-04-07 14:42:20.183554+00:00,2025-04-07 14:42:21.193974+00:00,78.18525754585605,106097.39448972666,1.0104206659889314
2025-04-07 14:42:21.193974+00:00,2025-04-07 14:42:22.203441+00:00,74.29667461493969,100820.58745247316,1.0094664450152777
2025-04-07 14:42:22.203441+00:00,2025-04-07 14:42:23.204391+00:00,76.92690113546958,104389.80484083222,1.0009502379980404
2025-04-07 14:42:23.204391+00:00,2025-04-07 14:42:24.206352+00:00,76.84932230319441,104284.53036543481,1.0019606899877544
2025-04-07 14:42:24.206352+00:00,2025-04-07 14:42:25.212132+00:00,75.56322183337949,102539.29202789596,1.0057803009985946
2025-04-07 14:42:25.212132+00:00,2025-04-07 14:42:26.220797+00:00,72.37292974243611,98210.06566048581,1.008664431021316
2025-04-07 14:42:26.220797+00:00,2025-04-07 14:42:27.222903+00:00,77.83602556971199,105623.48669809918,1.0021066649933346
2025-04-07 14:42:27.222903+00:00,2025-04-07 14:42:28.227959+00:00,77.60762106778644,105313.5417889862,1.005055932997493
2025-04-07 14:42:28.227959+00:00,2025-04-07 14:42:29.240374+00:00,67.16612808602932,91144.43581274178,1.0124150660121813
2025-04-07 14:42:29.240374+00:00,2025-04-07 14:42:30.248794+00:00,76.35705935772799,103619.50449880147,1.0084201860008761
2025-04-07 14:42:30.248794+00:00,2025-04-07 14:42:31.252058+00:00,76.74950902022697,104225.83324946823,1.003263746999437
2025-04-07 14:42:31.252058+00:00,2025-04-07 14:42:32.257859+00:00,76.5559086682304,103876.42573698758,1.0058008759806398
2025-04-07 14:42:32.257859+00:00,2025-04-07 14:42:33.264749+00:00,74.48680705406223,101019.00772671918,1.0068897159944754
2025-04-07 14:42:33.264749+00:00,2025-04-07 14:42:34.273456+00:00,77.32667702994272,104932.30072963228,1.0087075120245572
2025-04-07 14:42:34.273456+00:00,2025-04-07 14:42:35.303770+00:00,70.85219664372383,96146.43084553324,1.0303138569870498
2025-04-07 14:42:35.303770+00:00,2025-04-07 14:42:36.316239+00:00,77.03939006661227,104542.45232039284,1.012469075008994
2025-04-07 14:42:36.316239+00:00,2025-04-07 14:42:37.329275+00:00,76.99629766935523,104483.97593731506,1.0130357219895814
2025-04-07 14:42:37.329275+00:00,2025-04-07 14:42:38.335273+00:00,75.54684253868994,102517.06532500224,1.0059983640094288
2025-04-07 14:42:38.335273+00:00,2025-04-07 14:42:39.336798+00:00,65.8995281296816,89425.65967197792,1.001524621999124
2025-04-07 14:42:39.336798+00:00,2025-04-07 14:42:40.342324+00:00,77.57136746253549,105264.34564666066,1.005525654007215
2025-04-07 14:42:40.342324+00:00,2025-04-07 14:42:41.345845+00:00,77.72628517807274,105474.56898664472,1.0035215219832025
2025-04-07 14:42:41.345845+00:00,2025-04-07 14:42:42.349181+00:00,77.74070993356885,105494.14337985293,1.003335318993777
2025-04-07 14:42:42.349181+00:00,2025-04-07 14:42:43.359134+00:00,77.23127839151326,104802.84477728349,1.0099535010231193
2025-04-07 14:42:43.359134+00:00,2025-04-07 14:42:44.366288+00:00,74.46733145588513,101052.16878563611,1.0071530499844812
2025-04-07 14:42:44.366288+00:00,2025-04-07 14:42:45.373848+00:00,69.47472708528105,94298.04707285197,1.0075606330065057
2025-04-07 14:42:45.373848+00:00,2025-04-07 14:42:46.377907+00:00,76.6886387583377,104143.1714338226,1.0040600700012874
2025-04-07 14:42:46.377907+00:00,2025-04-07 14:42:47.385124+00:00,78.43397704763225,106377.32241479187,1.0072165530000348
2025-04-07 14:42:47.385124+00:00,2025-04-07 14:42:48.389890+00:00,67.67746645328484,91803.48798702128,1.0047657449904364
2025-04-07 14:42:48.389890+00:00,2025-04-07 14:42:49.403274+00:00,76.96985090800536,104448.08768216327,1.013383800018346
2025-04-07 14:42:49.403274+00:00,2025-04-07 14:42:50.404024+00:00,76.94225360848873,104410.63814671921,1.0007505159883294
2025-04-07 14:42:50.404024+00:00,2025-04-07 14:42:51.409821+00:00,76.55623611237081,103886.8124044872,1.0057965739979409
2025-04-07 14:42:51.409821+00:00,2025-04-07 14:42:52.413037+00:00,76.75316565602519,104154.04579522618,1.0032159500115085
2025-04-07 14:42:52.413037+00:00,2025-04-07 14:42:53.425044+00:00,77.07456820462764,104590.1890536797,1.0120069669792429
2025-04-07 14:42:53.425044+00:00,2025-04-07 14:42:54.429770+00:00,77.63312409926539,105348.14940270314,1.0047257650003303
2025-04-07 14:42:54.429770+00:00,2025-04-07 14:42:55.433156+00:00,70.76035343342973,96021.79960916414,1.003386735013919
2025-04-07 14:42:55.433156+00:00,2025-04-07 14:42:56.441772+00:00,75.35079996331903,102251.03555022393,1.0086157019832171
2025-04-07 14:42:56.441772+00:00,2025-04-07 14:42:57.443631+00:00,76.85712682801193,104295.12110561218,1.001858945004642
2025-04-07 14:42:57.443631+00:00,2025-04-07 14:42:58.455557+00:00,66.21034719380752,89847.44114199681,1.0119264259992633
2025-04-07 14:42:58.455557+00:00,2025-04-07 14:42:59.462155+00:00,75.5018915225362,102456.06679608162,1.0065972979937214
2025-04-07 14:42:59.462155+00:00,2025-04-07 14:43:00.470863+00:00,77.32661631573602,104974.84711611501,1.0087083040270954
2025-04-07 14:43:00.470863+00:00,2025-04-07 14:43:01.482719+00:00,78.07432349463312,105956.73980797597,1.0118563500000164
2025-04-07 14:43:01.482719+00:00,2025-04-07 14:43:02.486805+00:00,77.6826088259408,105346.58094591719,1.0040857429848984
2025-04-07 14:43:02.486805+00:00,2025-04-07 14:43:03.493992+00:00,77.44336689421253,105090.6488754464,1.007187615003204
2025-04-07 14:43:03.493992+00:00,2025-04-07 14:43:04.501957+00:00,76.39159124229651,103663.38931579636,1.0079643419885542
2025-04-07 14:43:04.501957+00:00,2025-04-07 14:43:05.511628+00:00,71.31039150349268,96768.20127023956,1.0096705190080684
2025-04-07 14:43:05.511628+00:00,2025-04-07 14:43:06.524104+00:00,76.0511809027983,103201.45248509728,1.012476060015615
2025-04-07 14:43:06.524104+00:00,2025-04-07 14:43:07.526816+00:00,75.79437940068662,102852.97284673175,1.002712873974815
2025-04-07 14:43:07.526816+00:00,2025-04-07 14:43:08.537664+00:00,67.27026102025026,91285.74420447959,1.0108478690090124
2025-04-07 14:43:08.537664+00:00,2025-04-07 14:43:09.548189+00:00,77.18760165028111,104743.57543943146,1.010524985002121
2025-04-07 14:43:09.548189+00:00,2025-04-07 14:43:10.550801+00:00,76.79945098253829,104216.85498330445,1.0026113339990843
2025-04-07 14:43:10.550801+00:00,2025-04-07 14:43:11.554115+00:00,76.74566800326139,104143.8714804257,1.003313958994113
2025-04-07 14:43:11.554115+00:00,2025-04-07 14:43:12.566224+00:00,76.0787037117417,103238.80093683348,1.0121097789960913
2025-04-07 14:43:12.566224+00:00,2025-04-07 14:43:13.566765+00:00,76.95840867377709,104432.5605703155,1.000540439010365
2025-04-07 14:43:13.566765+00:00,2025-04-07 14:43:14.579287+00:00,73.08482783978376,99192.90113633354,1.012522053992143
2025-04-07 14:43:14.579287+00:00,2025-04-07 14:43:15.591093+00:00,77.08983805529226,104651.43182257349,1.0118065100105014
2025-04-07 14:43:15.591093+00:00,2025-04-07 14:43:16.597690+00:00,77.48882428154967,105074.84572578134,1.0065967669943348
2025-04-07 14:43:16.597690+00:00,2025-04-07 14:43:17.606841+00:00,67.38338468725242,91432.31649570726,1.0091508509940468
2025-04-07 14:43:17.606841+00:00,2025-04-07 14:43:18.609881+00:00,72.7787356131254,98760.74422701116,1.0030402340053115
2025-04-07 14:43:18.609881+00:00,2025-04-07 14:43:19.622286+00:00,76.05652263832043,103208.70122020083,1.0124049500154797
2025-04-07 14:43:19.622286+00:00,2025-04-07 14:43:20.633787+00:00,77.1131351745805,104642.52443190574,1.0115008269785903
2025-04-07 14:43:20.633787+00:00,2025-04-07 14:43:21.643283+00:00,78.25689653559942,106194.60859880842,1.0094956929970067
2025-04-07 14:43:21.643283+00:00,2025-04-07 14:43:22.650715+00:00,77.42453309797378,105065.09141395042,1.007432617014274
2025-04-07 14:43:22.650715+00:00,2025-04-07 14:43:23.657185+00:00,77.49864606887135,105165.66271545843,1.0064691959996708
2025-04-07 14:43:23.657185+00:00,2025-04-07 14:43:24.667254+00:00,71.28221532140704,96729.96619114936,1.0100696180015802
2025-04-07 14:43:24.667254+00:00,2025-04-07 14:43:25.669954+00:00,75.79537749297869,102854.32725797207,1.0026996700034942
2025-04-07 14:43:25.669954+00:00,2025-04-07 14:43:26.670144+00:00,75.98557087154359,103112.41967268464,1.0001898930058815
2025-04-07 14:43:26.670144+00:00,2025-04-07 14:43:27.676357+00:00,67.58013207306591,91706.23922315043,1.0062128900026437
2025-04-07 14:43:27.676357+00:00,2025-04-07 14:43:28.677516+00:00,77.90970125442432,105723.46460225379,1.0011590179929044
2025-04-07 14:43:28.677516+00:00,2025-04-07 14:43:29.683924+00:00,74.52247244267706,101195.55577936003,1.0064078329887707
2025-04-07 14:43:29.683924+00:00,2025-04-07 14:43:30.687389+00:00,75.73755226415798,102748.9516604738,1.0034652260073926
2025-04-07 14:43:30.687389+00:00,2025-04-07 14:43:31.696903+00:00,77.26489751684677,104796.95599868317,1.0095140549819916
2025-04-07 14:43:31.696903+00:00,2025-04-07 14:43:32.704285+00:00,76.43575598682897,103723.3208741269,1.0073819380195346
2025-04-07 14:43:32.704285+00:00,2025-04-07 14:43:33.710828+00:00,77.49296484843633,105157.9532993281,1.0065429829992354
2025-04-07 14:43:33.710828+00:00,2025-04-07 14:43:34.716190+00:00,70.62132562819481,95833.13887746035,1.0053620399849024
2025-04-07 14:43:34.716190+00:00,2025-04-07 14:43:35.718094+00:00,76.85366378388726,104290.421754735,1.0019040890038013
2025-04-07 14:43:35.718094+00:00,2025-04-07 14:43:36.720666+00:00,76.80248037818463,104220.96587319653,1.0025717870157678
2025-04-07 14:43:36.720666+00:00,2025-04-07 14:43:37.724925+00:00,66.71584892726875,90533.4069943037,1.0042591239907779
2025-04-07 14:43:37.724925+00:00,2025-04-07 14:43:38.728458+00:00,76.7288847018045,104121.09654034872,1.003533418988809
2025-04-07 14:43:38.728458+00:00,2025-04-07 14:43:39.729392+00:00,75.92905925135088,103035.73340408313,1.000934303010581
2025-04-07 14:43:39.729392+00:00,2025-04-07 14:43:40.735461+00:00,75.54156235669252,102509.90011803176,1.0060686809883919
2025-04-07 14:43:40.735461+00:00,2025-04-07 14:43:41.740310+00:00,76.62846458895713,103984.82644721483,1.0048485300212633
2025-04-07 14:43:41.740310+00:00,2025-04-07 14:43:42.750774+00:00,77.19224376630447,104749.87479087517,1.0104642149817664
2025-04-07 14:43:42.750774+00:00,2025-04-07 14:43:43.758720+00:00,72.42447435099498,98309.77517691019,1.007946563011501
2025-04-07 14:43:43.758720+00:00,2025-04-07 14:43:44.771820+00:00,76.004341154703,103193.16683140812,1.0131000260007568
2025-04-07 14:43:44.771820+00:00,2025-04-07 14:43:45.775550+00:00,75.71757480808303,102671.0388720025,1.0037299820105545
2025-04-07 14:43:45.775550+00:00,2025-04-07 14:43:46.894514+00:00,67.02630371678882,90940.39519888951,1.1189636880008038
2025-04-07 14:43:46.894514+00:00,2025-04-07 14:43:47.899508+00:00,77.61243161264346,105320.06969835718,1.0049936379946303
2025-04-07 14:43:47.899508+00:00,2025-04-07 14:43:48.906155+00:00,77.48495895029053,105147.08929554425,1.006646980997175
2025-04-07 14:43:48.906155+00:00,2025-04-07 14:43:49.917525+00:00,77.1231243455239,104656.07973687594,1.0113698149798438
2025-04-07 14:43:49.917525+00:00,2025-04-07 14:43:50.919484+00:00,76.84943405116962,104284.6820074372,1.001959233020898
2025-04-07 14:43:50.919484+00:00,2025-04-07 14:43:51.932370+00:00,75.03313028647315,101819.95779874407,1.0128859039978124
2025-04-07 14:43:51.932370+00:00,2025-04-07 14:43:52.940401+00:00,74.40247735056556,100964.16176471747,1.008030950993998
2025-04-07 14:43:52.940401+00:00,2025-04-07 14:43:53.940780+00:00,71.97269442428744,97666.94633375805,1.0003793879877776
2025-04-07 14:43:53.940780+00:00,2025-04-07 14:43:54.941920+00:00,76.91236190006668,104370.07509839049,1.0011394540197216
2025-04-07 14:43:54.941920+00:00,2025-04-07 14:43:55.949855+00:00,77.38593586687693,105012.71497135199,1.007935086992802
2025-04-07 14:43:55.949855+00:00,2025-04-07 14:43:56.952420+00:00,66.82855375085438,90686.3474399094,1.0025654640048742
2025-04-07 14:43:56.952420+00:00,2025-04-07 14:43:57.953075+00:00,76.94964123171748,104420.66315144062,1.0006544379866682
2025-04-07 14:43:57.953075+00:00,2025-04-07 14:43:58.955857+00:00,76.78630777471716,104267.82815985555,1.0027829470054712
2025-04-07 14:43:58.955857+00:00,2025-04-07 14:43:59.959151+00:00,75.75049544152405,102792.42559710285,1.0032937680080067
2025-04-07 14:43:59.959151+00:00,2025-04-07 14:44:00.961851+00:00,76.7927010976198,104142.87038205001,1.0026994610088877
2025-04-07 14:44:00.961851+00:00,2025-04-07 14:44:01.963694+00:00,77.85648729271861,105651.25325621916,1.001843297999585
2025-04-07 14:44:01.963694+00:00,2025-04-07 14:44:02.964550+00:00,76.9341960286483,104399.70401087575,1.000855327991303
2025-04-07 14:44:02.964550+00:00,2025-04-07 14:44:03.972747+00:00,68.43898619462234,92871.70426610253,1.0081972839834634
2025-04-07 14:44:03.972747+00:00,2025-04-07 14:44:04.984168+00:00,76.13050181314522,103309.09096043806,1.0114211540203542
2025-04-07 14:44:04.984168+00:00,2025-04-07 14:44:05.987964+00:00,75.71252823769242,102741.90081854862,1.0037968849937897
2025-04-07 14:44:05.987964+00:00,2025-04-07 14:44:06.998770+00:00,65.29444113201106,88604.556616139,1.0108058030018583
2025-04-07 14:44:06.998770+00:00,2025-04-07 14:44:07.999583+00:00,77.9366669505372,105760.05705187898,1.0008126219909173
2025-04-07 14:44:07.999583+00:00,2025-04-07 14:44:09.004578+00:00,77.61234836180013,105319.95672696277,1.0049947160005104
2025-04-07 14:44:09.004578+00:00,2025-04-07 14:44:10.010727+00:00,76.5294888966559,103850.51643276207,1.0061481019947678
2025-04-07 14:44:10.010727+00:00,2025-04-07 14:44:11.012440+00:00,75.86993086588383,102955.49618500436,1.0017143700097222
2025-04-07 14:44:11.012440+00:00,2025-04-07 14:44:12.017886+00:00,76.58293286952521,103923.03990394571,1.0054459540115204
2025-04-07 14:44:12.017886+00:00,2025-04-07 14:44:13.080314+00:00,71.5342575811006,97087.98862148615,1.0624280249758158
2025-04-07 14:44:13.080314+00:00,2025-04-07 14:44:14.089610+00:00,76.29077085916232,103467.12870196704,1.0092963950010017
2025-04-07 14:44:14.089610+00:00,2025-04-07 14:44:15.089658+00:00,73.99654191885953,100378.30901947131,1.0000467330100946
2025-04-07 14:44:15.089658+00:00,2025-04-07 14:44:16.094362+00:00,76.63943071437728,103999.70747940998,1.0047047490079422
2025-04-07 14:44:16.094362+00:00,2025-04-07 14:44:17.099573+00:00,66.65263784482347,90447.62955542545,1.0052115290018264
2025-04-07 14:44:17.099573+00:00,2025-04-07 14:44:18.101500+00:00,76.85195048126187,104288.09680307236,1.0019264250004198
2025-04-07 14:44:18.101500+00:00,2025-04-07 14:44:19.103943+00:00,76.81360303584076,104236.05931963591,1.0024266139953397
2025-04-07 14:44:19.103943+00:00,2025-04-07 14:44:20.114060+00:00,75.23761610802411,102097.44505858872,1.0101330149918795
2025-04-07 14:44:20.114060+00:00,2025-04-07 14:44:21.121860+00:00,77.39623614032652,105026.6924424231,1.0078009460121393
2025-04-07 14:44:21.121860+00:00,2025-04-07 14:44:22.122326+00:00,77.9636875551521,105796.72401234141,1.0004657609970309
2025-04-07 14:44:22.122326+00:00,2025-04-07 14:44:23.130601+00:00,72.40089756078572,98248.01798998623,1.0082747929845937
2025-04-07 14:44:23.130601+00:00,2025-04-07 14:44:24.134094+00:00,76.7319503595869,104125.25663795944,1.003493324998999
2025-04-07 14:44:24.134094+00:00,2025-04-07 14:44:25.134986+00:00,75.93227554742317,103040.09791785324,1.0008919060055632
2025-04-07 14:44:25.134986+00:00,2025-04-07 14:44:26.136931+00:00,62.87776022539901,85325.12062586646,1.0019440860196482
2025-04-07 14:44:26.136931+00:00,2025-04-07 14:44:27.143825+00:00,75.47960795660397,102428.8074553204,1.0068944719969295
2025-04-07 14:44:27.143825+00:00,2025-04-07 14:44:28.155986+00:00,77.06283379218688,104497.20262220541,1.0121610659989528
2025-04-07 14:44:28.155986+00:00,2025-04-07 14:44:29.158210+00:00,77.82689819239832,105601.12303962396,1.0022241899860092
2025-04-07 14:44:29.158210+00:00,2025-04-07 14:44:30.159910+00:00,76.86938246795616,104311.7520090165,1.0016992140153889
2025-04-07 14:44:30.159910+00:00,2025-04-07 14:44:31.166954+00:00,75.46841999563422,102410.64593407564,1.0070437410031445
2025-04-07 14:44:31.166954+00:00,2025-04-07 14:44:32.171416+00:00,73.6711947038822,99971.81121316814,1.0044631459750235
2025-04-07 14:44:32.171416+00:00,2025-04-07 14:44:33.175827+00:00,70.68825285857619,95923.9591290879,1.0044101690000389
2025-04-07 14:44:33.175827+00:00,2025-04-07 14:44:34.186888+00:00,76.15874042385121,103347.41075516609,1.011046133004129
2025-04-07 14:44:34.186888+00:00,2025-04-07 14:44:35.189176+00:00,76.8230163629453,104248.83320451678,1.0023037840146571
2025-04-07 14:44:35.189176+00:00,2025-04-07 14:44:36.198518+00:00,67.37067102528101,91422.00058130633,1.0093412899877876
2025-04-07 14:44:36.198518+00:00,2025-04-07 14:44:37.210854+00:00,75.07388257921862,101875.25865999966,1.0123360799916554
2025-04-07 14:44:37.210854+00:00,2025-04-07 14:44:38.219676+00:00,75.3353481633511,102230.06745766744,1.0088225760264322
2025-04-07 14:44:38.219676+00:00,2025-04-07 14:44:39.223745+00:00,76.68802009914037,104065.6432745335,1.0040681699756533
2025-04-07 14:44:39.223745+00:00,2025-04-07 14:44:40.229062+00:00,74.60327975029752,101236.65062115372,1.0053177320223767
2025-04-07 14:44:40.229062+00:00,2025-04-07 14:44:41.229282+00:00,75.98328595802259,103177.30409036751,1.0002199699811172
2025-04-07 14:44:41.229282+00:00,2025-04-07 14:44:42.241157+00:00,76.09637916174802,103248.95081718992,1.011874689022079
2025-04-07 14:44:42.241157+00:00,2025-04-07 14:44:43.250579+00:00,72.31859782769408,98078.87864020818,1.009422225994058
2025-04-07 14:44:43.250579+00:00,2025-04-07 14:44:44.255897+00:00,76.59265970894849,103936.2392250431,1.0053182679985184
2025-04-07 14:44:44.255897+00:00,2025-04-07 14:44:45.265584+00:00,75.27087183986785,102142.57308670066,1.0096867239917628
2025-04-07 14:44:45.265584+00:00,2025-04-07 14:44:46.265636+00:00,74.99605888126062,101769.65190187066,1.000052551011322
2025-04-07 14:44:46.265636+00:00,2025-04-07 14:44:47.269505+00:00,87.66088588070832,118955.82214012118,1.0038684769824613
2025-04-07 14:44:47.269505+00:00,2025-04-07 14:44:48.281690+00:00,85.95267932287891,116637.78584114669,1.0121848520066123
2025-04-07 14:44:48.281690+00:00,2025-04-07 14:44:49.283973+00:00,83.80866130579496,113728.35339196376,1.002283042005729
2025-04-07 14:44:49.283973+00:00,2025-04-07 14:44:50.291345+00:00,87.3559993445487,118542.09111055259,1.0073721399821807
2025-04-07 14:44:50.291345+00:00,2025-04-07 14:44:51.302186+00:00,89.03478017912843,120820.1967030773,1.0108409300155472
2025-04-07 14:44:51.302186+00:00,2025-04-07 14:44:52.313200+00:00,83.08487625330207,112746.1770757309,1.011014324001735
2025-04-07 14:44:52.313200+00:00,2025-04-07 14:44:53.322795+00:00,87.16372127290632,118281.16976733386,1.009594344010111
2025-04-07 14:44:53.322795+00:00,2025-04-07 14:44:54.350956+00:00,78.7814389699895,106938.50882407834,1.0281609609955922
2025-04-07 14:44:54.350956+00:00,2025-04-07 14:44:55.352157+00:00,86.89556170269888,117971.21240679164,1.001201882987516
