observed_at,modified_at,evaluation_time,mean_evaluation_time,min_evaluation_time,max_evaluation_time,notifications_received
2024-12-27T11:11:43.459182Z,2024-12-27T11:11:43.464527Z,5.345 ms,5.345 ms,5.345 ms,5.345 ms,1
2024-12-27T11:11:43.459182Z,2024-12-27T11:11:43.464527Z,5.345 ms,5.345 ms,5.345 ms,5.345 ms,2
2024-12-27T11:11:43.459182Z,2024-12-27T11:11:43.464527Z,5.345 ms,5.345 ms,5.345 ms,5.345 ms,3
2024-12-27T11:11:51.250067Z,2024-12-27T11:11:51.254550Z,4.483 ms,5.1295 ms,4.483 ms,5.345 ms,4
2024-12-27T11:11:51.250067Z,2024-12-27T11:11:51.254550Z,4.483 ms,5.0002 ms,4.483 ms,5.345 ms,5
2024-12-27T11:11:51.250067Z,2024-12-27T11:11:51.254550Z,4.483 ms,4.914000000000001 ms,4.483 ms,5.345 ms,6
2024-12-27T11:11:59.246859Z,2024-12-27T11:11:59.251650Z,4.791 ms,4.896428571428571 ms,4.483 ms,5.345 ms,7
2024-12-27T11:11:59.246859Z,2024-12-27T11:11:59.251650Z,4.791 ms,4.88325 ms,4.483 ms,5.345 ms,8
2024-12-27T11:11:59.246859Z,2024-12-27T11:11:59.251650Z,4.791 ms,4.873 ms,4.483 ms,5.345 ms,9
2024-12-27T11:12:07.302457Z,2024-12-27T11:12:07.307034Z,4.577 ms,4.8434 ms,4.483 ms,5.345 ms,10
2024-12-27T11:12:07.302457Z,2024-12-27T11:12:07.307034Z,4.577 ms,4.819181818181819 ms,4.483 ms,5.345 ms,11
2024-12-27T11:12:07.302457Z,2024-12-27T11:12:07.307034Z,4.577 ms,4.799 ms,4.483 ms,5.345 ms,12
2024-12-27T11:12:15.265050Z,2024-12-27T11:12:15.269490Z,4.44 ms,4.771384615384616 ms,4.44 ms,5.345 ms,13
2024-12-27T11:12:15.265050Z,2024-12-27T11:12:15.269490Z,4.44 ms,4.747714285714285 ms,4.44 ms,5.345 ms,14
2024-12-27T11:12:15.265050Z,2024-12-27T11:12:15.269490Z,4.44 ms,4.7272 ms,4.44 ms,5.345 ms,15
2024-12-27T11:12:23.207466Z,2024-12-27T11:12:23.212215Z,4.749 ms,4.7285625 ms,4.44 ms,5.345 ms,16
2024-12-27T11:12:23.207466Z,2024-12-27T11:12:23.212215Z,4.749 ms,4.729764705882354 ms,4.44 ms,5.345 ms,17
2024-12-27T11:12:23.207466Z,2024-12-27T11:12:23.212215Z,4.749 ms,4.730833333333333 ms,4.44 ms,5.345 ms,18
2024-12-27T11:12:31.238610Z,2024-12-27T11:12:31.242684Z,4.074000000000001 ms,4.696263157894737 ms,4.074000000000001 ms,5.345 ms,19
2024-12-27T11:12:31.238610Z,2024-12-27T11:12:31.242684Z,4.074000000000001 ms,4.66515 ms,4.074000000000001 ms,5.345 ms,20
2024-12-27T11:12:31.238610Z,2024-12-27T11:12:31.242684Z,4.074000000000001 ms,4.637 ms,4.074000000000001 ms,5.345 ms,21
2024-12-27T11:12:39.251695Z,2024-12-27T11:12:39.256160Z,4.465 ms,4.629181818181818 ms,4.074000000000001 ms,5.345 ms,22
2024-12-27T11:12:39.251695Z,2024-12-27T11:12:39.256160Z,4.465 ms,4.622043478260869 ms,4.074000000000001 ms,5.345 ms,23
2024-12-27T11:12:39.251695Z,2024-12-27T11:12:39.256160Z,4.465 ms,4.615499999999999 ms,4.074000000000001 ms,5.345 ms,24
2024-12-27T11:12:47.244871Z,2024-12-27T11:12:47.248947Z,4.076 ms,4.593919999999999 ms,4.074000000000001 ms,5.345 ms,25
2024-12-27T11:12:47.244871Z,2024-12-27T11:12:47.248947Z,4.076 ms,4.573999999999999 ms,4.074000000000001 ms,5.345 ms,26
2024-12-27T11:12:47.244871Z,2024-12-27T11:12:47.248947Z,4.076 ms,4.5555555555555545 ms,4.074000000000001 ms,5.345 ms,27
2024-12-27T11:12:55.244489Z,2024-12-27T11:12:55.248852Z,4.3629999999999995 ms,4.548678571428571 ms,4.074000000000001 ms,5.345 ms,28
2024-12-27T11:12:55.244489Z,2024-12-27T11:12:55.248852Z,4.3629999999999995 ms,4.542275862068965 ms,4.074000000000001 ms,5.345 ms,29
2024-12-27T11:12:55.244489Z,2024-12-27T11:12:55.248852Z,4.3629999999999995 ms,4.536299999999999 ms,4.074000000000001 ms,5.345 ms,30
2024-12-27T11:13:03.221880Z,2024-12-27T11:13:03.226234Z,4.354 ms,4.53041935483871 ms,4.074000000000001 ms,5.345 ms,31
2024-12-27T11:13:03.221880Z,2024-12-27T11:13:03.226234Z,4.354 ms,4.524906249999999 ms,4.074000000000001 ms,5.345 ms,32
2024-12-27T11:13:03.221880Z,2024-12-27T11:13:03.226234Z,4.354 ms,4.519727272727272 ms,4.074000000000001 ms,5.345 ms,33
2024-12-27T11:13:11.272911Z,2024-12-27T11:13:11.277524Z,4.6129999999999995 ms,4.522470588235294 ms,4.074000000000001 ms,5.345 ms,34
2024-12-27T11:13:11.272911Z,2024-12-27T11:13:11.277524Z,4.6129999999999995 ms,4.5250571428571424 ms,4.074000000000001 ms,5.345 ms,35
2024-12-27T11:13:11.272911Z,2024-12-27T11:13:11.277524Z,4.6129999999999995 ms,4.5275 ms,4.074000000000001 ms,5.345 ms,36
2024-12-27T11:13:19.273877Z,2024-12-27T11:13:19.279196Z,5.319 ms,4.548891891891891 ms,4.074000000000001 ms,5.345 ms,37
2024-12-27T11:13:19.273877Z,2024-12-27T11:13:19.279196Z,5.319 ms,4.569157894736842 ms,4.074000000000001 ms,5.345 ms,38
2024-12-27T11:13:19.273877Z,2024-12-27T11:13:19.279196Z,5.319 ms,4.588384615384615 ms,4.074000000000001 ms,5.345 ms,39
2024-12-27T11:13:27.241577Z,2024-12-27T11:13:27.245753Z,4.176 ms,4.578074999999999 ms,4.074000000000001 ms,5.345 ms,40
2024-12-27T11:13:27.241577Z,2024-12-27T11:13:27.245753Z,4.176 ms,4.568268292682927 ms,4.074000000000001 ms,5.345 ms,41
2024-12-27T11:13:27.241577Z,2024-12-27T11:13:27.245753Z,4.176 ms,4.558928571428571 ms,4.074000000000001 ms,5.345 ms,42
2024-12-27T11:13:35.231968Z,2024-12-27T11:13:35.236399Z,4.431 ms,4.555953488372094 ms,4.074000000000001 ms,5.345 ms,43
2024-12-27T11:13:35.231968Z,2024-12-27T11:13:35.236399Z,4.431 ms,4.553113636363636 ms,4.074000000000001 ms,5.345 ms,44
2024-12-27T11:13:35.231968Z,2024-12-27T11:13:35.236399Z,4.431 ms,4.5504 ms,4.074000000000001 ms,5.345 ms,45
2024-12-27T11:13:43.247471Z,2024-12-27T11:13:43.251794Z,4.3229999999999995 ms,4.54545652173913 ms,4.074000000000001 ms,5.345 ms,46
2024-12-27T11:13:43.247471Z,2024-12-27T11:13:43.251794Z,4.3229999999999995 ms,4.540723404255319 ms,4.074000000000001 ms,5.345 ms,47
2024-12-27T11:13:43.247471Z,2024-12-27T11:13:43.251794Z,4.3229999999999995 ms,4.5361875 ms,4.074000000000001 ms,5.345 ms,48
2024-12-27T11:13:51.242663Z,2024-12-27T11:13:51.246962Z,4.2989999999999995 ms,4.531346938775509 ms,4.074000000000001 ms,5.345 ms,49
2024-12-27T11:13:51.242663Z,2024-12-27T11:13:51.246962Z,4.2989999999999995 ms,4.526699999999999 ms,4.074000000000001 ms,5.345 ms,50
2024-12-27T11:13:51.242663Z,2024-12-27T11:13:51.246962Z,4.2989999999999995 ms,4.522235294117646 ms,4.074000000000001 ms,5.345 ms,51
2024-12-27T11:13:59.188511Z,2024-12-27T11:13:59.192822Z,4.311 ms,4.518173076923076 ms,4.074000000000001 ms,5.345 ms,52
2024-12-27T11:13:59.188511Z,2024-12-27T11:13:59.192822Z,4.311 ms,4.514264150943395 ms,4.074000000000001 ms,5.345 ms,53
2024-12-27T11:13:59.188511Z,2024-12-27T11:13:59.192822Z,4.311 ms,4.5104999999999995 ms,4.074000000000001 ms,5.345 ms,54
2024-12-27T11:14:07.252413Z,2024-12-27T11:14:07.259336Z,6.923 ms,4.554363636363636 ms,4.074000000000001 ms,6.923 ms,55
2024-12-27T11:14:07.252413Z,2024-12-27T11:14:07.259336Z,6.923 ms,4.596660714285715 ms,4.074000000000001 ms,6.923 ms,56
2024-12-27T11:14:07.252413Z,2024-12-27T11:14:07.259336Z,6.923 ms,4.637473684210526 ms,4.074000000000001 ms,6.923 ms,57
2024-12-27T11:14:15.255412Z,2024-12-27T11:14:15.259252Z,3.8400000000000003 ms,4.623724137931035 ms,3.8400000000000003 ms,6.923 ms,58
2024-12-27T11:14:15.255412Z,2024-12-27T11:14:15.259252Z,3.8400000000000003 ms,4.6104406779661025 ms,3.8400000000000003 ms,6.923 ms,59
2024-12-27T11:14:15.255412Z,2024-12-27T11:14:15.259252Z,3.8400000000000003 ms,4.597600000000001 ms,3.8400000000000003 ms,6.923 ms,60
2024-12-27T11:14:23.239668Z,2024-12-27T11:14:23.243678Z,4.01 ms,4.587967213114755 ms,3.8400000000000003 ms,6.923 ms,61
2024-12-27T11:14:23.239668Z,2024-12-27T11:14:23.243678Z,4.01 ms,4.578645161290324 ms,3.8400000000000003 ms,6.923 ms,62
2024-12-27T11:14:23.239668Z,2024-12-27T11:14:23.243678Z,4.01 ms,4.569619047619049 ms,3.8400000000000003 ms,6.923 ms,63
2024-12-27T11:14:31.283468Z,2024-12-27T11:14:31.287639Z,4.171 ms,4.563390625000001 ms,3.8400000000000003 ms,6.923 ms,64
2024-12-27T11:14:31.283468Z,2024-12-27T11:14:31.287639Z,4.171 ms,4.5573538461538465 ms,3.8400000000000003 ms,6.923 ms,65
2024-12-27T11:14:31.283468Z,2024-12-27T11:14:31.287639Z,4.171 ms,4.5515 ms,3.8400000000000003 ms,6.923 ms,66
2024-12-27T11:14:39.237048Z,2024-12-27T11:14:39.241450Z,4.401999999999999 ms,4.549268656716419 ms,3.8400000000000003 ms,6.923 ms,67
2024-12-27T11:14:39.237048Z,2024-12-27T11:14:39.241450Z,4.401999999999999 ms,4.547102941176472 ms,3.8400000000000003 ms,6.923 ms,68
2024-12-27T11:14:39.237048Z,2024-12-27T11:14:39.241450Z,4.401999999999999 ms,4.545000000000002 ms,3.8400000000000003 ms,6.923 ms,69
2024-12-27T11:14:47.240677Z,2024-12-27T11:14:47.244562Z,3.885 ms,4.535571428571431 ms,3.8400000000000003 ms,6.923 ms,70
2024-12-27T11:14:47.240677Z,2024-12-27T11:14:47.244562Z,3.885 ms,4.526408450704228 ms,3.8400000000000003 ms,6.923 ms,71
2024-12-27T11:14:47.240677Z,2024-12-27T11:14:47.244562Z,3.885 ms,4.517500000000003 ms,3.8400000000000003 ms,6.923 ms,72
2024-12-27T11:14:55.227213Z,2024-12-27T11:14:55.231102Z,3.8890000000000002 ms,4.508890410958905 ms,3.8400000000000003 ms,6.923 ms,73
2024-12-27T11:14:55.227213Z,2024-12-27T11:14:55.231102Z,3.8890000000000002 ms,4.500513513513515 ms,3.8400000000000003 ms,6.923 ms,74
2024-12-27T11:14:55.227213Z,2024-12-27T11:14:55.231102Z,3.8890000000000002 ms,4.492360000000001 ms,3.8400000000000003 ms,6.923 ms,75
2024-12-27T11:15:03.302846Z,2024-12-27T11:15:03.306999Z,4.153 ms,4.487894736842106 ms,3.8400000000000003 ms,6.923 ms,76
2024-12-27T11:15:03.302846Z,2024-12-27T11:15:03.306999Z,4.153 ms,4.483545454545456 ms,3.8400000000000003 ms,6.923 ms,77
2024-12-27T11:15:03.302846Z,2024-12-27T11:15:03.306999Z,4.153 ms,4.479307692307694 ms,3.8400000000000003 ms,6.923 ms,78
2024-12-27T11:15:11.238712Z,2024-12-27T11:15:11.243007Z,4.295 ms,4.476974683544305 ms,3.8400000000000003 ms,6.923 ms,79
2024-12-27T11:15:11.238712Z,2024-12-27T11:15:11.243007Z,4.295 ms,4.474700000000001 ms,3.8400000000000003 ms,6.923 ms,80
2024-12-27T11:15:11.238712Z,2024-12-27T11:15:11.243007Z,4.295 ms,4.472481481481482 ms,3.8400000000000003 ms,6.923 ms,81
2024-12-27T11:15:19.243238Z,2024-12-27T11:15:19.247042Z,3.8040000000000003 ms,4.464329268292684 ms,3.8040000000000003 ms,6.923 ms,82
2024-12-27T11:15:19.243238Z,2024-12-27T11:15:19.247042Z,3.8040000000000003 ms,4.456373493975904 ms,3.8040000000000003 ms,6.923 ms,83
2024-12-27T11:15:19.243238Z,2024-12-27T11:15:19.247042Z,3.8040000000000003 ms,4.448607142857143 ms,3.8040000000000003 ms,6.923 ms,84
2024-12-27T11:15:27.250470Z,2024-12-27T11:15:27.254474Z,4.004 ms,4.443376470588236 ms,3.8040000000000003 ms,6.923 ms,85
2024-12-27T11:15:27.250470Z,2024-12-27T11:15:27.254474Z,4.004 ms,4.438267441860466 ms,3.8040000000000003 ms,6.923 ms,86
2024-12-27T11:15:27.250470Z,2024-12-27T11:15:27.254474Z,4.004 ms,4.4332758620689665 ms,3.8040000000000003 ms,6.923 ms,87
2024-12-27T11:15:35.275535Z,2024-12-27T11:15:35.279600Z,4.065 ms,4.42909090909091 ms,3.8040000000000003 ms,6.923 ms,88
2024-12-27T11:15:35.275535Z,2024-12-27T11:15:35.279600Z,4.065 ms,4.425 ms,3.8040000000000003 ms,6.923 ms,89
2024-12-27T11:15:35.275535Z,2024-12-27T11:15:35.279600Z,4.065 ms,4.421 ms,3.8040000000000003 ms,6.923 ms,90
2024-12-27T11:15:43.193357Z,2024-12-27T11:15:43.197406Z,4.0489999999999995 ms,4.416912087912088 ms,3.8040000000000003 ms,6.923 ms,91
2024-12-27T11:15:43.193357Z,2024-12-27T11:15:43.197406Z,4.0489999999999995 ms,4.4129130434782615 ms,3.8040000000000003 ms,6.923 ms,92
2024-12-27T11:15:43.193357Z,2024-12-27T11:15:43.197406Z,4.0489999999999995 ms,4.409000000000002 ms,3.8040000000000003 ms,6.923 ms,93
2024-12-27T11:15:51.227605Z,2024-12-27T11:15:51.231678Z,4.073 ms,4.4054255319148945 ms,3.8040000000000003 ms,6.923 ms,94
2024-12-27T11:15:51.227605Z,2024-12-27T11:15:51.231678Z,4.073 ms,4.401926315789475 ms,3.8040000000000003 ms,6.923 ms,95
2024-12-27T11:15:51.227605Z,2024-12-27T11:15:51.231678Z,4.073 ms,4.3985 ms,3.8040000000000003 ms,6.923 ms,96
2024-12-27T11:15:59.253898Z,2024-12-27T11:15:59.258180Z,4.282 ms,4.397298969072166 ms,3.8040000000000003 ms,6.923 ms,97
2024-12-27T11:15:59.253898Z,2024-12-27T11:15:59.258180Z,4.282 ms,4.396122448979593 ms,3.8040000000000003 ms,6.923 ms,98
2024-12-27T11:15:59.253898Z,2024-12-27T11:15:59.258180Z,4.282 ms,4.3949696969696985 ms,3.8040000000000003 ms,6.923 ms,99
2024-12-27T11:16:07.271361Z,2024-12-27T11:16:07.275374Z,4.013 ms,4.3911500000000006 ms,3.8040000000000003 ms,6.923 ms,100
2024-12-27T11:16:07.271361Z,2024-12-27T11:16:07.275374Z,4.013 ms,4.387405940594061 ms,3.8040000000000003 ms,6.923 ms,101
2024-12-27T11:16:07.271361Z,2024-12-27T11:16:07.275374Z,4.013 ms,4.383735294117647 ms,3.8040000000000003 ms,6.923 ms,102
2024-12-27T11:16:15.203628Z,2024-12-27T11:16:15.207406Z,3.778 ms,4.37785436893204 ms,3.778 ms,6.923 ms,103
2024-12-27T11:16:15.203628Z,2024-12-27T11:16:15.207406Z,3.778 ms,4.372086538461539 ms,3.778 ms,6.923 ms,104
2024-12-27T11:16:15.203628Z,2024-12-27T11:16:15.207406Z,3.778 ms,4.366428571428572 ms,3.778 ms,6.923 ms,105
2024-12-27T11:16:23.197384Z,2024-12-27T11:16:23.201454Z,4.069999999999999 ms,4.363632075471699 ms,3.778 ms,6.923 ms,106
2024-12-27T11:16:23.197384Z,2024-12-27T11:16:23.201454Z,4.069999999999999 ms,4.360887850467291 ms,3.778 ms,6.923 ms,107
2024-12-27T11:16:23.197384Z,2024-12-27T11:16:23.201454Z,4.069999999999999 ms,4.358194444444446 ms,3.778 ms,6.923 ms,108
2024-12-27T11:16:31.241167Z,2024-12-27T11:16:31.245070Z,3.9029999999999996 ms,4.354018348623854 ms,3.778 ms,6.923 ms,109
2024-12-27T11:16:31.241167Z,2024-12-27T11:16:31.245070Z,3.9029999999999996 ms,4.3499181818181825 ms,3.778 ms,6.923 ms,110
2024-12-27T11:16:31.241167Z,2024-12-27T11:16:31.245070Z,3.9029999999999996 ms,4.345891891891893 ms,3.778 ms,6.923 ms,111
2024-12-27T11:16:39.287782Z,2024-12-27T11:16:39.291828Z,4.046 ms,4.343214285714287 ms,3.778 ms,6.923 ms,112
2024-12-27T11:16:39.287782Z,2024-12-27T11:16:39.291828Z,4.046 ms,4.340584070796461 ms,3.778 ms,6.923 ms,113
2024-12-27T11:16:39.287782Z,2024-12-27T11:16:39.291828Z,4.046 ms,4.338000000000001 ms,3.778 ms,6.923 ms,114
2024-12-27T11:16:47.301524Z,2024-12-27T11:16:47.305508Z,3.9839999999999995 ms,4.334921739130435 ms,3.778 ms,6.923 ms,115
2024-12-27T11:16:47.301524Z,2024-12-27T11:16:47.305508Z,3.9839999999999995 ms,4.331896551724139 ms,3.778 ms,6.923 ms,116
2024-12-27T11:16:47.301524Z,2024-12-27T11:16:47.305508Z,3.9839999999999995 ms,4.328923076923077 ms,3.778 ms,6.923 ms,117
2024-12-27T11:16:55.159274Z,2024-12-27T11:16:55.163186Z,3.9119999999999995 ms,4.325389830508475 ms,3.778 ms,6.923 ms,118
2024-12-27T11:16:55.159274Z,2024-12-27T11:16:55.163186Z,3.9119999999999995 ms,4.321915966386555 ms,3.778 ms,6.923 ms,119
2024-12-27T11:16:55.159274Z,2024-12-27T11:16:55.163186Z,3.9119999999999995 ms,4.318500000000001 ms,3.778 ms,6.923 ms,120
2024-12-27T11:17:03.285484Z,2024-12-27T11:17:03.289238Z,3.754 ms,4.313834710743803 ms,3.754 ms,6.923 ms,121
2024-12-27T11:17:03.285484Z,2024-12-27T11:17:03.289238Z,3.754 ms,4.309245901639346 ms,3.754 ms,6.923 ms,122
2024-12-27T11:17:03.285484Z,2024-12-27T11:17:03.289238Z,3.754 ms,4.3047317073170746 ms,3.754 ms,6.923 ms,123
2024-12-27T11:17:11.203345Z,2024-12-27T11:17:11.207269Z,3.9240000000000004 ms,4.301661290322583 ms,3.754 ms,6.923 ms,124
2024-12-27T11:17:11.203345Z,2024-12-27T11:17:11.207269Z,3.9240000000000004 ms,4.2986400000000025 ms,3.754 ms,6.923 ms,125
2024-12-27T11:17:11.203345Z,2024-12-27T11:17:11.207269Z,3.9240000000000004 ms,4.295666666666669 ms,3.754 ms,6.923 ms,126
2024-12-27T11:17:19.225875Z,2024-12-27T11:17:19.229511Z,3.636 ms,4.2904724409448844 ms,3.636 ms,6.923 ms,127
2024-12-27T11:17:19.225875Z,2024-12-27T11:17:19.229511Z,3.636 ms,4.285359375000002 ms,3.636 ms,6.923 ms,128
2024-12-27T11:17:19.225875Z,2024-12-27T11:17:19.229511Z,3.636 ms,4.280325581395351 ms,3.636 ms,6.923 ms,129
2024-12-27T11:17:27.258137Z,2024-12-27T11:17:27.262149Z,4.012 ms,4.27826153846154 ms,3.636 ms,6.923 ms,130
2024-12-27T11:17:27.258137Z,2024-12-27T11:17:27.262149Z,4.012 ms,4.2762290076335905 ms,3.636 ms,6.923 ms,131
2024-12-27T11:17:27.258137Z,2024-12-27T11:17:27.262149Z,4.012 ms,4.274227272727275 ms,3.636 ms,6.923 ms,132
2024-12-27T11:17:35.254984Z,2024-12-27T11:17:35.259456Z,4.472 ms,4.2757142857142885 ms,3.636 ms,6.923 ms,133
2024-12-27T11:17:35.254984Z,2024-12-27T11:17:35.259456Z,4.472 ms,4.277179104477614 ms,3.636 ms,6.923 ms,134
2024-12-27T11:17:35.254984Z,2024-12-27T11:17:35.259456Z,4.472 ms,4.278622222222225 ms,3.636 ms,6.923 ms,135
2024-12-27T11:17:43.184104Z,2024-12-27T11:17:43.188156Z,4.052 ms,4.2769558823529445 ms,3.636 ms,6.923 ms,136
2024-12-27T11:17:43.184104Z,2024-12-27T11:17:43.188156Z,4.052 ms,4.275313868613142 ms,3.636 ms,6.923 ms,137
2024-12-27T11:17:43.184104Z,2024-12-27T11:17:43.188156Z,4.052 ms,4.273695652173916 ms,3.636 ms,6.923 ms,138
2024-12-27T11:17:51.297963Z,2024-12-27T11:17:51.302117Z,4.154 ms,4.272834532374103 ms,3.636 ms,6.923 ms,139
2024-12-27T11:17:51.297963Z,2024-12-27T11:17:51.302117Z,4.154 ms,4.271985714285717 ms,3.636 ms,6.923 ms,140
2024-12-27T11:17:51.297963Z,2024-12-27T11:17:51.302117Z,4.154 ms,4.271148936170215 ms,3.636 ms,6.923 ms,141
2024-12-27T11:17:59.290798Z,2024-12-27T11:17:59.294994Z,4.196 ms,4.270619718309861 ms,3.636 ms,6.923 ms,142
2024-12-27T11:17:59.290798Z,2024-12-27T11:17:59.294994Z,4.196 ms,4.270097902097904 ms,3.636 ms,6.923 ms,143
2024-12-27T11:17:59.290798Z,2024-12-27T11:17:59.294994Z,4.196 ms,4.269583333333335 ms,3.636 ms,6.923 ms,144
2024-12-27T11:18:07.401306Z,2024-12-27T11:18:07.405929Z,4.623 ms,4.272020689655174 ms,3.636 ms,6.923 ms,145
2024-12-27T11:18:07.401306Z,2024-12-27T11:18:07.405929Z,4.623 ms,4.274424657534249 ms,3.636 ms,6.923 ms,146
2024-12-27T11:18:07.401306Z,2024-12-27T11:18:07.405929Z,4.623 ms,4.27679591836735 ms,3.636 ms,6.923 ms,147
2024-12-27T11:18:15.213103Z,2024-12-27T11:18:15.216946Z,3.843 ms,4.273864864864867 ms,3.636 ms,6.923 ms,148
2024-12-27T11:18:15.213103Z,2024-12-27T11:18:15.216946Z,3.843 ms,4.270973154362419 ms,3.636 ms,6.923 ms,149
2024-12-27T11:18:15.213103Z,2024-12-27T11:18:15.216946Z,3.843 ms,4.268120000000004 ms,3.636 ms,6.923 ms,150
2024-12-27T11:18:23.242336Z,2024-12-27T11:18:23.246286Z,3.95 ms,4.2660132450331165 ms,3.636 ms,6.923 ms,151
2024-12-27T11:18:23.242336Z,2024-12-27T11:18:23.246286Z,3.95 ms,4.263934210526319 ms,3.636 ms,6.923 ms,152
2024-12-27T11:18:23.242336Z,2024-12-27T11:18:23.246286Z,3.95 ms,4.261882352941179 ms,3.636 ms,6.923 ms,153
2024-12-27T11:18:31.225182Z,2024-12-27T11:18:31.229519Z,4.337 ms,4.262370129870133 ms,3.636 ms,6.923 ms,154
2024-12-27T11:18:31.225182Z,2024-12-27T11:18:31.229519Z,4.337 ms,4.26285161290323 ms,3.636 ms,6.923 ms,155
2024-12-27T11:18:31.225182Z,2024-12-27T11:18:31.229519Z,4.337 ms,4.263326923076927 ms,3.636 ms,6.923 ms,156
2024-12-27T11:18:39.257556Z,2024-12-27T11:18:39.261517Z,3.9610000000000003 ms,4.261401273885355 ms,3.636 ms,6.923 ms,157
2024-12-27T11:18:39.257556Z,2024-12-27T11:18:39.261517Z,3.9610000000000003 ms,4.259500000000004 ms,3.636 ms,6.923 ms,158
2024-12-27T11:18:39.257556Z,2024-12-27T11:18:39.261517Z,3.9610000000000003 ms,4.257622641509437 ms,3.636 ms,6.923 ms,159
2024-12-27T11:18:47.240169Z,2024-12-27T11:18:47.244112Z,3.9430000000000005 ms,4.255656250000004 ms,3.636 ms,6.923 ms,160
2024-12-27T11:18:47.240169Z,2024-12-27T11:18:47.244112Z,3.9430000000000005 ms,4.25371428571429 ms,3.636 ms,6.923 ms,161
2024-12-27T11:18:47.240169Z,2024-12-27T11:18:47.244112Z,3.9430000000000005 ms,4.2517962962963 ms,3.636 ms,6.923 ms,162
2024-12-27T11:18:55.144118Z,2024-12-27T11:18:55.147871Z,3.7529999999999997 ms,4.248736196319023 ms,3.636 ms,6.923 ms,163
2024-12-27T11:18:55.144118Z,2024-12-27T11:18:55.147871Z,3.7529999999999997 ms,4.24571341463415 ms,3.636 ms,6.923 ms,164
2024-12-27T11:18:55.144118Z,2024-12-27T11:18:55.147871Z,3.7529999999999997 ms,4.242727272727278 ms,3.636 ms,6.923 ms,165
2024-12-27T11:19:03.300332Z,2024-12-27T11:19:03.304355Z,4.023 ms,4.241403614457836 ms,3.636 ms,6.923 ms,166
2024-12-27T11:19:03.300332Z,2024-12-27T11:19:03.304355Z,4.023 ms,4.240095808383238 ms,3.636 ms,6.923 ms,167
2024-12-27T11:19:03.300332Z,2024-12-27T11:19:03.304355Z,4.023 ms,4.2388035714285754 ms,3.636 ms,6.923 ms,168
2024-12-27T11:19:11.272729Z,2024-12-27T11:19:11.276213Z,3.484 ms,4.234337278106513 ms,3.484 ms,6.923 ms,169
2024-12-27T11:19:11.272729Z,2024-12-27T11:19:11.276213Z,3.484 ms,4.22992352941177 ms,3.484 ms,6.923 ms,170
2024-12-27T11:19:11.272729Z,2024-12-27T11:19:11.276213Z,3.484 ms,4.2255614035087765 ms,3.484 ms,6.923 ms,171
2024-12-27T11:19:19.251481Z,2024-12-27T11:19:19.255622Z,4.141 ms,4.225069767441865 ms,3.484 ms,6.923 ms,172
2024-12-27T11:19:19.251481Z,2024-12-27T11:19:19.255622Z,4.141 ms,4.224583815028906 ms,3.484 ms,6.923 ms,173
2024-12-27T11:19:19.251481Z,2024-12-27T11:19:19.255622Z,4.141 ms,4.224103448275866 ms,3.484 ms,6.923 ms,174
2024-12-27T11:19:27.290903Z,2024-12-27T11:19:27.295823Z,4.92 ms,4.228080000000004 ms,3.484 ms,6.923 ms,175
2024-12-27T11:19:27.290903Z,2024-12-27T11:19:27.295823Z,4.92 ms,4.232011363636368 ms,3.484 ms,6.923 ms,176
2024-12-27T11:19:27.290903Z,2024-12-27T11:19:27.295823Z,4.92 ms,4.23589830508475 ms,3.484 ms,6.923 ms,177
2024-12-27T11:19:35.211813Z,2024-12-27T11:19:35.215646Z,3.833 ms,4.233634831460679 ms,3.484 ms,6.923 ms,178
2024-12-27T11:19:35.211813Z,2024-12-27T11:19:35.215646Z,3.833 ms,4.231396648044697 ms,3.484 ms,6.923 ms,179
2024-12-27T11:19:35.211813Z,2024-12-27T11:19:35.215646Z,3.833 ms,4.229183333333338 ms,3.484 ms,6.923 ms,180
2024-12-27T11:19:43.249333Z,2024-12-27T11:19:43.253244Z,3.9110000000000005 ms,4.227425414364645 ms,3.484 ms,6.923 ms,181
2024-12-27T11:19:43.249333Z,2024-12-27T11:19:43.253244Z,3.9110000000000005 ms,4.225686813186818 ms,3.484 ms,6.923 ms,182
2024-12-27T11:19:43.249333Z,2024-12-27T11:19:43.253244Z,3.9110000000000005 ms,4.223967213114758 ms,3.484 ms,6.923 ms,183
2024-12-27T11:19:51.206874Z,2024-12-27T11:19:51.210603Z,3.729 ms,4.221277173913047 ms,3.484 ms,6.923 ms,184
2024-12-27T11:19:51.206874Z,2024-12-27T11:19:51.210603Z,3.729 ms,4.21861621621622 ms,3.484 ms,6.923 ms,185
2024-12-27T11:19:51.206874Z,2024-12-27T11:19:51.210603Z,3.729 ms,4.2159838709677455 ms,3.484 ms,6.923 ms,186
2024-12-27T11:19:59.275330Z,2024-12-27T11:19:59.279380Z,4.05 ms,4.215096256684496 ms,3.484 ms,6.923 ms,187
2024-12-27T11:19:59.275330Z,2024-12-27T11:19:59.279380Z,4.05 ms,4.214218085106387 ms,3.484 ms,6.923 ms,188
2024-12-27T11:19:59.275330Z,2024-12-27T11:19:59.279380Z,4.05 ms,4.213349206349211 ms,3.484 ms,6.923 ms,189
2024-12-27T11:20:07.241713Z,2024-12-27T11:20:07.246219Z,4.505999999999999 ms,4.214889473684214 ms,3.484 ms,6.923 ms,190
2024-12-27T11:20:07.241713Z,2024-12-27T11:20:07.246219Z,4.505999999999999 ms,4.216413612565448 ms,3.484 ms,6.923 ms,191
2024-12-27T11:20:07.241713Z,2024-12-27T11:20:07.246219Z,4.505999999999999 ms,4.217921875000004 ms,3.484 ms,6.923 ms,192
2024-12-27T11:20:15.233178Z,2024-12-27T11:20:15.236604Z,3.4259999999999997 ms,4.213818652849745 ms,3.4259999999999997 ms,6.923 ms,193
2024-12-27T11:20:15.233178Z,2024-12-27T11:20:15.236604Z,3.4259999999999997 ms,4.209757731958767 ms,3.4259999999999997 ms,6.923 ms,194
2024-12-27T11:20:15.233178Z,2024-12-27T11:20:15.236604Z,3.4259999999999997 ms,4.205738461538466 ms,3.4259999999999997 ms,6.923 ms,195
2024-12-27T11:20:23.283286Z,2024-12-27T11:20:23.287138Z,3.852 ms,4.2039336734693915 ms,3.4259999999999997 ms,6.923 ms,196
2024-12-27T11:20:23.283286Z,2024-12-27T11:20:23.287138Z,3.852 ms,4.202147208121831 ms,3.4259999999999997 ms,6.923 ms,197
2024-12-27T11:20:23.283286Z,2024-12-27T11:20:23.287138Z,3.852 ms,4.200378787878791 ms,3.4259999999999997 ms,6.923 ms,198
2024-12-27T11:20:31.200500Z,2024-12-27T11:20:31.204270Z,3.77 ms,4.198216080402014 ms,3.4259999999999997 ms,6.923 ms,199
2024-12-27T11:20:31.200500Z,2024-12-27T11:20:31.204270Z,3.77 ms,4.196075000000004 ms,3.4259999999999997 ms,6.923 ms,200
2024-12-27T11:20:31.200500Z,2024-12-27T11:20:31.204270Z,3.77 ms,4.193955223880602 ms,3.4259999999999997 ms,6.923 ms,201
2024-12-27T11:20:39.204347Z,2024-12-27T11:20:39.208014Z,3.6670000000000003 ms,4.191346534653469 ms,3.4259999999999997 ms,6.923 ms,202
2024-12-27T11:20:39.204347Z,2024-12-27T11:20:39.208014Z,3.6670000000000003 ms,4.188763546798034 ms,3.4259999999999997 ms,6.923 ms,203
2024-12-27T11:20:39.204347Z,2024-12-27T11:20:39.208014Z,3.6670000000000003 ms,4.1862058823529456 ms,3.4259999999999997 ms,6.923 ms,204
2024-12-27T11:20:47.203680Z,2024-12-27T11:20:47.207332Z,3.6519999999999997 ms,4.183600000000004 ms,3.4259999999999997 ms,6.923 ms,205
2024-12-27T11:20:47.203680Z,2024-12-27T11:20:47.207332Z,3.6519999999999997 ms,4.181019417475732 ms,3.4259999999999997 ms,6.923 ms,206
2024-12-27T11:20:47.203680Z,2024-12-27T11:20:47.207332Z,3.6519999999999997 ms,4.178463768115945 ms,3.4259999999999997 ms,6.923 ms,207
2024-12-27T11:20:55.256521Z,2024-12-27T11:20:55.260361Z,3.8400000000000003 ms,4.176836538461542 ms,3.4259999999999997 ms,6.923 ms,208
2024-12-27T11:20:55.256521Z,2024-12-27T11:20:55.260361Z,3.8400000000000003 ms,4.175224880382779 ms,3.4259999999999997 ms,6.923 ms,209
2024-12-27T11:20:55.256521Z,2024-12-27T11:20:55.260361Z,3.8400000000000003 ms,4.173628571428575 ms,3.4259999999999997 ms,6.923 ms,210
2024-12-27T11:21:03.254903Z,2024-12-27T11:21:03.259024Z,4.1209999999999996 ms,4.173379146919435 ms,3.4259999999999997 ms,6.923 ms,211
2024-12-27T11:21:03.254903Z,2024-12-27T11:21:03.259024Z,4.1209999999999996 ms,4.173132075471702 ms,3.4259999999999997 ms,6.923 ms,212
2024-12-27T11:21:03.254903Z,2024-12-27T11:21:03.259024Z,4.1209999999999996 ms,4.172887323943665 ms,3.4259999999999997 ms,6.923 ms,213
2024-12-27T11:21:11.249153Z,2024-12-27T11:21:11.252882Z,3.729 ms,4.170813084112153 ms,3.4259999999999997 ms,6.923 ms,214
2024-12-27T11:21:11.249153Z,2024-12-27T11:21:11.252882Z,3.729 ms,4.168758139534887 ms,3.4259999999999997 ms,6.923 ms,215
2024-12-27T11:21:11.249153Z,2024-12-27T11:21:11.252882Z,3.729 ms,4.1667222222222255 ms,3.4259999999999997 ms,6.923 ms,216
2024-12-27T11:21:19.283190Z,2024-12-27T11:21:19.287399Z,4.209 ms,4.166917050691247 ms,3.4259999999999997 ms,6.923 ms,217
2024-12-27T11:21:19.283190Z,2024-12-27T11:21:19.287399Z,4.209 ms,4.1671100917431225 ms,3.4259999999999997 ms,6.923 ms,218
2024-12-27T11:21:19.283190Z,2024-12-27T11:21:19.287399Z,4.209 ms,4.167301369863017 ms,3.4259999999999997 ms,6.923 ms,219
2024-12-27T11:21:27.341844Z,2024-12-27T11:21:27.346036Z,4.192 ms,4.16741363636364 ms,3.4259999999999997 ms,6.923 ms,220
2024-12-27T11:21:27.341844Z,2024-12-27T11:21:27.346036Z,4.192 ms,4.167524886877831 ms,3.4259999999999997 ms,6.923 ms,221
2024-12-27T11:21:27.341844Z,2024-12-27T11:21:27.346036Z,4.192 ms,4.167635135135138 ms,3.4259999999999997 ms,6.923 ms,222
2024-12-27T11:21:35.227366Z,2024-12-27T11:21:35.231180Z,3.814 ms,4.166049327354263 ms,3.4259999999999997 ms,6.923 ms,223
2024-12-27T11:21:35.227366Z,2024-12-27T11:21:35.231180Z,3.814 ms,4.164477678571432 ms,3.4259999999999997 ms,6.923 ms,224
2024-12-27T11:21:35.227366Z,2024-12-27T11:21:35.231180Z,3.814 ms,4.162920000000003 ms,3.4259999999999997 ms,6.923 ms,225
2024-12-27T11:21:43.294961Z,2024-12-27T11:21:43.298770Z,3.8089999999999997 ms,4.161353982300888 ms,3.4259999999999997 ms,6.923 ms,226
2024-12-27T11:21:43.294961Z,2024-12-27T11:21:43.298770Z,3.8089999999999997 ms,4.15980176211454 ms,3.4259999999999997 ms,6.923 ms,227
2024-12-27T11:21:43.294961Z,2024-12-27T11:21:43.298770Z,3.8089999999999997 ms,4.158263157894739 ms,3.4259999999999997 ms,6.923 ms,228
2024-12-27T11:21:51.245476Z,2024-12-27T11:21:51.249583Z,4.107 ms,4.158039301310046 ms,3.4259999999999997 ms,6.923 ms,229
2024-12-27T11:21:51.245476Z,2024-12-27T11:21:51.249583Z,4.107 ms,4.1578173913043495 ms,3.4259999999999997 ms,6.923 ms,230
2024-12-27T11:21:51.245476Z,2024-12-27T11:21:51.249583Z,4.107 ms,4.157597402597404 ms,3.4259999999999997 ms,6.923 ms,231
2024-12-27T11:21:59.234908Z,2024-12-27T11:21:59.238714Z,3.806 ms,4.156081896551726 ms,3.4259999999999997 ms,6.923 ms,232
2024-12-27T11:21:59.234908Z,2024-12-27T11:21:59.238714Z,3.806 ms,4.154579399141633 ms,3.4259999999999997 ms,6.923 ms,233
2024-12-27T11:21:59.234908Z,2024-12-27T11:21:59.238714Z,3.806 ms,4.153089743589745 ms,3.4259999999999997 ms,6.923 ms,234
2024-12-27T11:22:07.211293Z,2024-12-27T11:22:07.215077Z,3.7840000000000003 ms,4.151519148936171 ms,3.4259999999999997 ms,6.923 ms,235
2024-12-27T11:22:07.211293Z,2024-12-27T11:22:07.215077Z,3.7840000000000003 ms,4.149961864406781 ms,3.4259999999999997 ms,6.923 ms,236
2024-12-27T11:22:07.211293Z,2024-12-27T11:22:07.215077Z,3.7840000000000003 ms,4.14841772151899 ms,3.4259999999999997 ms,6.923 ms,237
2024-12-27T11:22:15.268179Z,2024-12-27T11:22:15.272115Z,3.9360000000000004 ms,4.147525210084035 ms,3.4259999999999997 ms,6.923 ms,238
2024-12-27T11:22:15.268179Z,2024-12-27T11:22:15.272115Z,3.9360000000000004 ms,4.146640167364018 ms,3.4259999999999997 ms,6.923 ms,239
2024-12-27T11:22:15.268179Z,2024-12-27T11:22:15.272115Z,3.9360000000000004 ms,4.145762500000002 ms,3.4259999999999997 ms,6.923 ms,240
2024-12-27T11:22:23.194460Z,2024-12-27T11:22:23.198292Z,3.832 ms,4.144460580912865 ms,3.4259999999999997 ms,6.923 ms,241
2024-12-27T11:22:23.194460Z,2024-12-27T11:22:23.198292Z,3.832 ms,4.143169421487606 ms,3.4259999999999997 ms,6.923 ms,242
2024-12-27T11:22:23.194460Z,2024-12-27T11:22:23.198292Z,3.832 ms,4.141888888888891 ms,3.4259999999999997 ms,6.923 ms,243
2024-12-27T11:22:31.253786Z,2024-12-27T11:22:31.257414Z,3.628 ms,4.139782786885248 ms,3.4259999999999997 ms,6.923 ms,244
2024-12-27T11:22:31.253786Z,2024-12-27T11:22:31.257414Z,3.628 ms,4.137693877551023 ms,3.4259999999999997 ms,6.923 ms,245
2024-12-27T11:22:31.253786Z,2024-12-27T11:22:31.257414Z,3.628 ms,4.135621951219513 ms,3.4259999999999997 ms,6.923 ms,246
2024-12-27T11:22:39.200548Z,2024-12-27T11:22:39.204253Z,3.705 ms,4.133878542510123 ms,3.4259999999999997 ms,6.923 ms,247
2024-12-27T11:22:39.200548Z,2024-12-27T11:22:39.204253Z,3.705 ms,4.13214919354839 ms,3.4259999999999997 ms,6.923 ms,248
2024-12-27T11:22:39.200548Z,2024-12-27T11:22:39.204253Z,3.705 ms,4.130433734939762 ms,3.4259999999999997 ms,6.923 ms,249
2024-12-27T11:22:47.253097Z,2024-12-27T11:22:47.256944Z,3.847 ms,4.129300000000002 ms,3.4259999999999997 ms,6.923 ms,250
2024-12-27T11:22:47.253097Z,2024-12-27T11:22:47.256944Z,3.847 ms,4.128175298804783 ms,3.4259999999999997 ms,6.923 ms,251
2024-12-27T11:22:47.253097Z,2024-12-27T11:22:47.256944Z,3.847 ms,4.127059523809526 ms,3.4259999999999997 ms,6.923 ms,252
2024-12-27T11:22:55.240378Z,2024-12-27T11:22:55.244212Z,3.834 ms,4.125901185770752 ms,3.4259999999999997 ms,6.923 ms,253
2024-12-27T11:22:55.240378Z,2024-12-27T11:22:55.244212Z,3.834 ms,4.124751968503938 ms,3.4259999999999997 ms,6.923 ms,254
2024-12-27T11:22:55.240378Z,2024-12-27T11:22:55.244212Z,3.834 ms,4.123611764705883 ms,3.4259999999999997 ms,6.923 ms,255
2024-12-27T11:23:03.266665Z,2024-12-27T11:23:03.270304Z,3.639 ms,4.12171875 ms,3.4259999999999997 ms,6.923 ms,256
2024-12-27T11:23:03.266665Z,2024-12-27T11:23:03.270304Z,3.639 ms,4.11984046692607 ms,3.4259999999999997 ms,6.923 ms,257
2024-12-27T11:23:03.266665Z,2024-12-27T11:23:03.270304Z,3.639 ms,4.117976744186047 ms,3.4259999999999997 ms,6.923 ms,258
2024-12-27T11:23:11.220119Z,2024-12-27T11:23:11.224062Z,3.9430000000000005 ms,4.117301158301158 ms,3.4259999999999997 ms,6.923 ms,259
2024-12-27T11:23:11.220119Z,2024-12-27T11:23:11.224062Z,3.9430000000000005 ms,4.1166307692307695 ms,3.4259999999999997 ms,6.923 ms,260
2024-12-27T11:23:11.220119Z,2024-12-27T11:23:11.224062Z,3.9430000000000005 ms,4.11596551724138 ms,3.4259999999999997 ms,6.923 ms,261
2024-12-27T11:23:19.204210Z,2024-12-27T11:23:19.208213Z,4.002999999999999 ms,4.115534351145038 ms,3.4259999999999997 ms,6.923 ms,262
2024-12-27T11:23:19.204210Z,2024-12-27T11:23:19.208213Z,4.002999999999999 ms,4.115106463878328 ms,3.4259999999999997 ms,6.923 ms,263
2024-12-27T11:23:19.204210Z,2024-12-27T11:23:19.208213Z,4.002999999999999 ms,4.114681818181818 ms,3.4259999999999997 ms,6.923 ms,264
2024-12-27T11:23:27.230041Z,2024-12-27T11:23:27.234014Z,3.973 ms,4.114147169811321 ms,3.4259999999999997 ms,6.923 ms,265
2024-12-27T11:23:27.230041Z,2024-12-27T11:23:27.234014Z,3.973 ms,4.113616541353384 ms,3.4259999999999997 ms,6.923 ms,266
2024-12-27T11:23:27.230041Z,2024-12-27T11:23:27.234014Z,3.973 ms,4.11308988764045 ms,3.4259999999999997 ms,6.923 ms,267
2024-12-27T11:23:35.209797Z,2024-12-27T11:23:35.213445Z,3.648 ms,4.111354477611941 ms,3.4259999999999997 ms,6.923 ms,268
2024-12-27T11:23:35.209797Z,2024-12-27T11:23:35.213445Z,3.648 ms,4.1096319702602235 ms,3.4259999999999997 ms,6.923 ms,269
2024-12-27T11:23:35.209797Z,2024-12-27T11:23:35.213445Z,3.648 ms,4.107922222222223 ms,3.4259999999999997 ms,6.923 ms,270
2024-12-27T11:23:43.228556Z,2024-12-27T11:23:43.232576Z,4.0200000000000005 ms,4.10759778597786 ms,3.4259999999999997 ms,6.923 ms,271
2024-12-27T11:23:43.228556Z,2024-12-27T11:23:43.232576Z,4.0200000000000005 ms,4.107275735294118 ms,3.4259999999999997 ms,6.923 ms,272
2024-12-27T11:23:43.228556Z,2024-12-27T11:23:43.232576Z,4.0200000000000005 ms,4.1069560439560435 ms,3.4259999999999997 ms,6.923 ms,273
2024-12-27T11:23:51.240316Z,2024-12-27T11:23:51.244112Z,3.796 ms,4.105821167883212 ms,3.4259999999999997 ms,6.923 ms,274
2024-12-27T11:23:51.240316Z,2024-12-27T11:23:51.244112Z,3.796 ms,4.104694545454545 ms,3.4259999999999997 ms,6.923 ms,275
2024-12-27T11:23:51.240316Z,2024-12-27T11:23:51.244112Z,3.796 ms,4.103576086956521 ms,3.4259999999999997 ms,6.923 ms,276
2024-12-27T11:23:59.189212Z,2024-12-27T11:23:59.192696Z,3.484 ms,4.101339350180505 ms,3.4259999999999997 ms,6.923 ms,277
2024-12-27T11:23:59.189212Z,2024-12-27T11:23:59.192696Z,3.484 ms,4.099118705035971 ms,3.4259999999999997 ms,6.923 ms,278
2024-12-27T11:23:59.189212Z,2024-12-27T11:23:59.192696Z,3.484 ms,4.096913978494624 ms,3.4259999999999997 ms,6.923 ms,279
2024-12-27T11:24:07.259968Z,2024-12-27T11:24:07.263434Z,3.4659999999999997 ms,4.094660714285714 ms,3.4259999999999997 ms,6.923 ms,280
2024-12-27T11:24:07.259968Z,2024-12-27T11:24:07.263434Z,3.4659999999999997 ms,4.092423487544483 ms,3.4259999999999997 ms,6.923 ms,281
2024-12-27T11:24:07.259968Z,2024-12-27T11:24:07.263434Z,3.4659999999999997 ms,4.090202127659574 ms,3.4259999999999997 ms,6.923 ms,282
2024-12-27T11:24:15.188136Z,2024-12-27T11:24:15.191849Z,3.713 ms,4.08886925795053 ms,3.4259999999999997 ms,6.923 ms,283
2024-12-27T11:24:15.188136Z,2024-12-27T11:24:15.191849Z,3.713 ms,4.087545774647888 ms,3.4259999999999997 ms,6.923 ms,284
2024-12-27T11:24:15.188136Z,2024-12-27T11:24:15.191849Z,3.713 ms,4.086231578947368 ms,3.4259999999999997 ms,6.923 ms,285
2024-12-27T11:24:23.258375Z,2024-12-27T11:24:23.262431Z,4.056 ms,4.086125874125875 ms,3.4259999999999997 ms,6.923 ms,286
2024-12-27T11:24:23.258375Z,2024-12-27T11:24:23.262431Z,4.056 ms,4.086020905923345 ms,3.4259999999999997 ms,6.923 ms,287
2024-12-27T11:24:23.258375Z,2024-12-27T11:24:23.262431Z,4.056 ms,4.085916666666668 ms,3.4259999999999997 ms,6.923 ms,288
2024-12-27T11:24:31.202732Z,2024-12-27T11:24:31.206428Z,3.696 ms,4.084567474048444 ms,3.4259999999999997 ms,6.923 ms,289
2024-12-27T11:24:31.202732Z,2024-12-27T11:24:31.206428Z,3.696 ms,4.083227586206896 ms,3.4259999999999997 ms,6.923 ms,290
2024-12-27T11:24:31.202732Z,2024-12-27T11:24:31.206428Z,3.696 ms,4.081896907216494 ms,3.4259999999999997 ms,6.923 ms,291
2024-12-27T11:24:39.228550Z,2024-12-27T11:24:39.232699Z,4.149 ms,4.082126712328767 ms,3.4259999999999997 ms,6.923 ms,292
2024-12-27T11:24:39.228550Z,2024-12-27T11:24:39.232699Z,4.149 ms,4.0823549488054605 ms,3.4259999999999997 ms,6.923 ms,293
2024-12-27T11:24:39.228550Z,2024-12-27T11:24:39.232699Z,4.149 ms,4.082581632653061 ms,3.4259999999999997 ms,6.923 ms,294
2024-12-27T11:24:46.305319Z,2024-12-27T11:24:46.309369Z,4.05 ms,4.082471186440678 ms,3.4259999999999997 ms,6.923 ms,295
2024-12-27T11:24:46.305319Z,2024-12-27T11:24:46.309369Z,4.05 ms,4.082361486486487 ms,3.4259999999999997 ms,6.923 ms,296
2024-12-27T11:24:46.305319Z,2024-12-27T11:24:46.309369Z,4.05 ms,4.082252525252526 ms,3.4259999999999997 ms,6.923 ms,297
2024-12-27T11:24:54.232773Z,2024-12-27T11:24:54.236587Z,3.814 ms,4.081352348993289 ms,3.4259999999999997 ms,6.923 ms,298
2024-12-27T11:24:54.232773Z,2024-12-27T11:24:54.236587Z,3.814 ms,4.080458193979934 ms,3.4259999999999997 ms,6.923 ms,299
2024-12-27T11:24:54.232773Z,2024-12-27T11:24:54.236587Z,3.814 ms,4.07957 ms,3.4259999999999997 ms,6.923 ms,300
2024-12-27T11:25:02.271746Z,2024-12-27T11:25:02.275653Z,3.907 ms,4.078996677740864 ms,3.4259999999999997 ms,6.923 ms,301
2024-12-27T11:25:02.271746Z,2024-12-27T11:25:02.275653Z,3.907 ms,4.078427152317882 ms,3.4259999999999997 ms,6.923 ms,302
2024-12-27T11:25:02.271746Z,2024-12-27T11:25:02.275653Z,3.907 ms,4.077861386138616 ms,3.4259999999999997 ms,6.923 ms,303
2024-12-27T11:25:10.207768Z,2024-12-27T11:25:10.211546Z,3.778 ms,4.076875000000001 ms,3.4259999999999997 ms,6.923 ms,304
2024-12-27T11:25:10.207768Z,2024-12-27T11:25:10.211546Z,3.778 ms,4.075895081967214 ms,3.4259999999999997 ms,6.923 ms,305
2024-12-27T11:25:10.207768Z,2024-12-27T11:25:10.211546Z,3.778 ms,4.0749215686274525 ms,3.4259999999999997 ms,6.923 ms,306
2024-12-27T11:25:18.234021Z,2024-12-27T11:25:18.237653Z,3.6319999999999997 ms,4.073478827361566 ms,3.4259999999999997 ms,6.923 ms,307
2024-12-27T11:25:18.234021Z,2024-12-27T11:25:18.237653Z,3.6319999999999997 ms,4.072045454545457 ms,3.4259999999999997 ms,6.923 ms,308
2024-12-27T11:25:18.234021Z,2024-12-27T11:25:18.237653Z,3.6319999999999997 ms,4.070621359223304 ms,3.4259999999999997 ms,6.923 ms,309
2024-12-27T11:25:26.220502Z,2024-12-27T11:25:26.224052Z,3.5500000000000003 ms,4.068941935483874 ms,3.4259999999999997 ms,6.923 ms,310
2024-12-27T11:25:26.220502Z,2024-12-27T11:25:26.224052Z,3.5500000000000003 ms,4.067273311897108 ms,3.4259999999999997 ms,6.923 ms,311
2024-12-27T11:25:26.220502Z,2024-12-27T11:25:26.224052Z,3.5500000000000003 ms,4.065615384615387 ms,3.4259999999999997 ms,6.923 ms,312
2024-12-27T11:25:34.207241Z,2024-12-27T11:25:34.210753Z,3.512 ms,4.0638466453674145 ms,3.4259999999999997 ms,6.923 ms,313
2024-12-27T11:25:34.207241Z,2024-12-27T11:25:34.210753Z,3.512 ms,4.062089171974525 ms,3.4259999999999997 ms,6.923 ms,314
2024-12-27T11:25:34.207241Z,2024-12-27T11:25:34.210753Z,3.512 ms,4.060342857142859 ms,3.4259999999999997 ms,6.923 ms,315
2024-12-27T11:25:42.222282Z,2024-12-27T11:25:42.226322Z,4.04 ms,4.06027848101266 ms,3.4259999999999997 ms,6.923 ms,316
2024-12-27T11:25:42.222282Z,2024-12-27T11:25:42.226322Z,4.04 ms,4.060214511041012 ms,3.4259999999999997 ms,6.923 ms,317
2024-12-27T11:25:42.222282Z,2024-12-27T11:25:42.226322Z,4.04 ms,4.060150943396229 ms,3.4259999999999997 ms,6.923 ms,318
2024-12-27T11:25:50.255127Z,2024-12-27T11:25:50.258764Z,3.637 ms,4.05882445141066 ms,3.4259999999999997 ms,6.923 ms,319
2024-12-27T11:25:50.255127Z,2024-12-27T11:25:50.258764Z,3.637 ms,4.057506250000001 ms,3.4259999999999997 ms,6.923 ms,320
2024-12-27T11:25:50.255127Z,2024-12-27T11:25:50.258764Z,3.637 ms,4.056196261682244 ms,3.4259999999999997 ms,6.923 ms,321
2024-12-27T11:25:58.263177Z,2024-12-27T11:25:58.266749Z,3.572 ms,4.054692546583851 ms,3.4259999999999997 ms,6.923 ms,322
2024-12-27T11:25:58.263177Z,2024-12-27T11:25:58.266749Z,3.572 ms,4.053198142414861 ms,3.4259999999999997 ms,6.923 ms,323
2024-12-27T11:25:58.263177Z,2024-12-27T11:25:58.266749Z,3.572 ms,4.051712962962964 ms,3.4259999999999997 ms,6.923 ms,324
2024-12-27T11:26:06.266157Z,2024-12-27T11:26:06.270247Z,4.09 ms,4.05183076923077 ms,3.4259999999999997 ms,6.923 ms,325
2024-12-27T11:26:06.266157Z,2024-12-27T11:26:06.270247Z,4.09 ms,4.051947852760736 ms,3.4259999999999997 ms,6.923 ms,326
2024-12-27T11:26:06.266157Z,2024-12-27T11:26:06.270247Z,4.09 ms,4.052064220183486 ms,3.4259999999999997 ms,6.923 ms,327
2024-12-27T11:27:08.233000Z,2024-12-27T11:27:08.236551Z,3.5509999999999997 ms,4.050536585365854 ms,3.4259999999999997 ms,6.923 ms,328
2024-12-27T11:27:08.233000Z,2024-12-27T11:27:08.236551Z,3.5509999999999997 ms,4.049018237082067 ms,3.4259999999999997 ms,6.923 ms,329
2024-12-27T11:27:08.233000Z,2024-12-27T11:27:08.236551Z,3.5509999999999997 ms,4.047509090909092 ms,3.4259999999999997 ms,6.923 ms,330
2024-12-27T11:27:16.236133Z,2024-12-27T11:27:16.239575Z,3.442 ms,4.045679758308157 ms,3.4259999999999997 ms,6.923 ms,331
2024-12-27T11:27:16.236133Z,2024-12-27T11:27:16.239575Z,3.442 ms,4.043861445783133 ms,3.4259999999999997 ms,6.923 ms,332
2024-12-27T11:27:16.236133Z,2024-12-27T11:27:16.239575Z,3.442 ms,4.042054054054055 ms,3.4259999999999997 ms,6.923 ms,333
2024-12-27T11:27:24.185906Z,2024-12-27T11:27:24.189338Z,3.432 ms,4.04022754491018 ms,3.4259999999999997 ms,6.923 ms,334
2024-12-27T11:27:24.185906Z,2024-12-27T11:27:24.189338Z,3.432 ms,4.0384119402985075 ms,3.4259999999999997 ms,6.923 ms,335
2024-12-27T11:27:24.185906Z,2024-12-27T11:27:24.189338Z,3.432 ms,4.036607142857144 ms,3.4259999999999997 ms,6.923 ms,336
2024-12-27T11:27:32.174519Z,2024-12-27T11:27:32.178153Z,3.634 ms,4.035412462908012 ms,3.4259999999999997 ms,6.923 ms,337
2024-12-27T11:27:32.174519Z,2024-12-27T11:27:32.178153Z,3.634 ms,4.034224852071006 ms,3.4259999999999997 ms,6.923 ms,338
2024-12-27T11:27:32.174519Z,2024-12-27T11:27:32.178153Z,3.634 ms,4.033044247787611 ms,3.4259999999999997 ms,6.923 ms,339
2024-12-27T11:27:40.214882Z,2024-12-27T11:27:40.218561Z,3.679 ms,4.03200294117647 ms,3.4259999999999997 ms,6.923 ms,340
2024-12-27T11:27:40.214882Z,2024-12-27T11:27:40.218561Z,3.679 ms,4.030967741935484 ms,3.4259999999999997 ms,6.923 ms,341
2024-12-27T11:27:40.214882Z,2024-12-27T11:27:40.218561Z,3.679 ms,4.029938596491228 ms,3.4259999999999997 ms,6.923 ms,342
