observed_at,iteration_started_at,iteration_finished_at,processing_time_since_observed_at,iteration_execution_time,mean_execution_time,min_execution_time,max_execution_time,processed_notifications
2024-04-10T09:09:32.60Z,2024-04-10T09:09:32.612616Z,2024-04-10T09:09:32.680977Z,80.97699999999999 ms,68.360301 ms,68.360301 ms,68.360301 ms,68.360301 ms,1
2024-04-10T09:09:32.60Z,2024-04-10T09:09:32.683061Z,2024-04-10T09:09:32.736838Z,136.838 ms,53.775461 ms,61.067881 ms,53.775461 ms,68.360301 ms,2
2024-04-10T09:09:32.76Z,2024-04-10T09:09:32.772773Z,2024-04-10T09:09:32.822011Z,62.010999999999996 ms,49.236629 ms,57.12413033333333 ms,49.236629 ms,68.360301 ms,3
2024-04-10T09:09:32.79Z,2024-04-10T09:09:32.824117Z,2024-04-10T09:09:32.867202Z,77.20200000000001 ms,43.082737 ms,53.613782 ms,43.082737 ms,68.360301 ms,4
2024-04-10T09:10:32.59Z,2024-04-10T09:10:32.607333Z,2024-04-10T09:10:32.677186Z,87.18599999999999 ms,69.853081 ms,56.861641799999994 ms,43.082737 ms,69.853081 ms,5
2024-04-10T09:10:32.62Z,2024-04-10T09:10:32.679505Z,2024-04-10T09:10:32.747533Z,127.533 ms,68.026177 ms,58.722397666666666 ms,43.082737 ms,69.853081 ms,6
2024-04-10T09:10:32.75Z,2024-04-10T09:10:32.767581Z,2024-04-10T09:10:32.828794Z,78.794 ms,61.210776 ms,59.077880285714286 ms,43.082737 ms,69.853081 ms,7
2024-04-10T09:10:32.78Z,2024-04-10T09:10:32.830632Z,2024-04-10T09:10:32.883327Z,103.327 ms,52.689771 ms,58.279366625 ms,43.082737 ms,69.853081 ms,8
2024-04-10T09:11:32.60Z,2024-04-10T09:11:32.611021Z,2024-04-10T09:11:32.661385Z,61.385000000000005 ms,50.362654 ms,57.39973188888889 ms,43.082737 ms,69.853081 ms,9
2024-04-10T09:11:32.61Z,2024-04-10T09:11:32.663493Z,2024-04-10T09:11:32.712231Z,102.23100000000001 ms,48.737259 ms,56.5334846 ms,43.082737 ms,69.853081 ms,10
2024-04-10T09:11:32.75Z,2024-04-10T09:11:32.765136Z,2024-04-10T09:11:32.813984Z,63.984 ms,48.847 ms,55.83471327272727 ms,43.082737 ms,69.853081 ms,11
2024-04-10T09:11:32.78Z,2024-04-10T09:11:32.815411Z,2024-04-10T09:11:32.862852Z,82.85199999999999 ms,47.439458 ms,55.13510866666667 ms,43.082737 ms,69.853081 ms,12
2024-04-10T09:12:32.59Z,2024-04-10T09:12:32.605341Z,2024-04-10T09:12:32.654198Z,64.19800000000001 ms,48.855303 ms,54.65204669230769 ms,43.082737 ms,69.853081 ms,13
2024-04-10T09:12:32.61Z,2024-04-10T09:12:32.656020Z,2024-04-10T09:12:32.703638Z,93.638 ms,47.615873 ms,54.14946285714286 ms,43.082737 ms,69.853081 ms,14
2024-04-10T09:12:32.75Z,2024-04-10T09:12:32.766404Z,2024-04-10T09:12:32.811294Z,61.294000000000004 ms,44.887757 ms,53.532015799999996 ms,43.082737 ms,69.853081 ms,15
2024-04-10T09:12:32.77Z,2024-04-10T09:12:32.812747Z,2024-04-10T09:12:32.854211Z,84.211 ms,41.463293 ms,52.777720625 ms,41.463293 ms,69.853081 ms,16
2024-04-10T09:13:32.59Z,2024-04-10T09:13:32.600934Z,2024-04-10T09:13:32.657903Z,67.903 ms,56.966908 ms,53.024143411764705 ms,41.463293 ms,69.853081 ms,17
2024-04-10T09:13:32.61Z,2024-04-10T09:13:32.659278Z,2024-04-10T09:13:32.705050Z,95.05 ms,45.769672 ms,52.621117222222225 ms,41.463293 ms,69.853081 ms,18
2024-04-10T09:13:32.75Z,2024-04-10T09:13:32.768208Z,2024-04-10T09:13:32.813103Z,63.10300000000001 ms,44.894432 ms,52.21444957894737 ms,41.463293 ms,69.853081 ms,19
2024-04-10T09:13:32.77Z,2024-04-10T09:13:32.814278Z,2024-04-10T09:13:32.844083Z,74.083 ms,29.80368 ms,51.0939111 ms,29.80368 ms,69.853081 ms,20
2024-04-10T09:14:32.60Z,2024-04-10T09:14:32.614718Z,2024-04-10T09:14:32.662018Z,62.017999999999994 ms,47.298814 ms,50.913192190476195 ms,29.80368 ms,69.853081 ms,21
2024-04-10T09:14:32.61Z,2024-04-10T09:14:32.663474Z,2024-04-10T09:14:32.710448Z,100.448 ms,46.971289 ms,50.73401477272727 ms,29.80368 ms,69.853081 ms,22
2024-04-10T09:14:32.75Z,2024-04-10T09:14:32.764613Z,2024-04-10T09:14:32.812685Z,62.685 ms,48.070879 ms,50.61822626086956 ms,29.80368 ms,69.853081 ms,23
2024-04-10T09:14:32.77Z,2024-04-10T09:14:32.814083Z,2024-04-10T09:14:32.863938Z,93.93799999999999 ms,49.85355 ms,50.58636475 ms,29.80368 ms,69.853081 ms,24
2024-04-10T09:15:32.59Z,2024-04-10T09:15:32.607110Z,2024-04-10T09:15:32.665621Z,75.621 ms,58.509424 ms,50.903287119999995 ms,29.80368 ms,69.853081 ms,25
2024-04-10T09:15:32.60Z,2024-04-10T09:15:32.666959Z,2024-04-10T09:15:32.707977Z,107.977 ms,41.017263 ms,50.52305542307692 ms,29.80368 ms,69.853081 ms,26
2024-04-10T09:15:32.76Z,2024-04-10T09:15:32.773868Z,2024-04-10T09:15:32.826462Z,66.46199999999999 ms,52.593157 ms,50.59972585185185 ms,29.80368 ms,69.853081 ms,27
2024-04-10T09:15:32.79Z,2024-04-10T09:15:32.827801Z,2024-04-10T09:15:32.872330Z,82.33 ms,44.526456 ms,50.38282335714286 ms,29.80368 ms,69.853081 ms,28
2024-04-10T09:16:32.59Z,2024-04-10T09:16:32.606712Z,2024-04-10T09:16:32.652583Z,62.583 ms,45.86806 ms,50.22714186206897 ms,29.80368 ms,69.853081 ms,29
2024-04-10T09:16:32.61Z,2024-04-10T09:16:32.653973Z,2024-04-10T09:16:32.699560Z,89.56 ms,45.585561 ms,50.0724225 ms,29.80368 ms,69.853081 ms,30
2024-04-10T09:16:32.76Z,2024-04-10T09:16:32.776854Z,2024-04-10T09:16:32.820928Z,60.928000000000004 ms,44.072504 ms,49.878876741935485 ms,29.80368 ms,69.853081 ms,31
2024-04-10T09:16:32.77Z,2024-04-10T09:16:32.822439Z,2024-04-10T09:16:32.867764Z,97.76400000000001 ms,45.323153 ms,49.736510375 ms,29.80368 ms,69.853081 ms,32
2024-04-10T09:17:32.60Z,2024-04-10T09:17:32.618497Z,2024-04-10T09:17:32.689269Z,89.269 ms,70.769601 ms,50.37387675757576 ms,29.80368 ms,70.769601 ms,33
2024-04-10T09:17:32.61Z,2024-04-10T09:17:32.691232Z,2024-04-10T09:17:32.744377Z,134.377 ms,53.144233 ms,50.45535782352942 ms,29.80368 ms,70.769601 ms,34
2024-04-10T09:17:32.76Z,2024-04-10T09:17:32.771956Z,2024-04-10T09:17:32.824902Z,64.902 ms,52.944012 ms,50.52646222857143 ms,29.80368 ms,70.769601 ms,35
2024-04-10T09:17:32.77Z,2024-04-10T09:17:32.826838Z,2024-04-10T09:17:32.883049Z,113.04899999999999 ms,56.209295 ms,50.68431869444445 ms,29.80368 ms,70.769601 ms,36
2024-04-10T09:18:32.61Z,2024-04-10T09:18:32.621336Z,2024-04-10T09:18:32.668880Z,58.88 ms,47.543935 ms,50.59944345945946 ms,29.80368 ms,70.769601 ms,37
2024-04-10T09:18:32.62Z,2024-04-10T09:18:32.670362Z,2024-04-10T09:18:32.714771Z,94.771 ms,44.407343 ms,50.43649344736842 ms,29.80368 ms,70.769601 ms,38
2024-04-10T09:18:32.76Z,2024-04-10T09:18:32.772086Z,2024-04-10T09:18:32.814021Z,54.021 ms,41.934092 ms,50.21848315384615 ms,29.80368 ms,70.769601 ms,39
2024-04-10T09:18:32.77Z,2024-04-10T09:18:32.815226Z,2024-04-10T09:18:32.830401Z,60.401 ms,15.174379 ms,49.342380549999994 ms,15.174379 ms,70.769601 ms,40
2024-04-10T09:19:32.60Z,2024-04-10T09:19:32.618340Z,2024-04-10T09:19:32.671349Z,71.34899999999999 ms,53.005823 ms,49.431732804878045 ms,15.174379 ms,70.769601 ms,41
2024-04-10T09:19:32.61Z,2024-04-10T09:19:32.673133Z,2024-04-10T09:19:32.715400Z,105.39999999999999 ms,42.265026 ms,49.261096928571426 ms,15.174379 ms,70.769601 ms,42
2024-04-10T09:19:32.76Z,2024-04-10T09:19:32.778945Z,2024-04-10T09:19:32.833185Z,73.185 ms,54.239435 ms,49.37687223255814 ms,15.174379 ms,70.769601 ms,43
2024-04-10T09:19:32.78Z,2024-04-10T09:19:32.834571Z,2024-04-10T09:19:32.879783Z,99.783 ms,45.210114 ms,49.28217318181818 ms,15.174379 ms,70.769601 ms,44
2024-04-10T09:20:32.61Z,2024-04-10T09:20:32.626481Z,2024-04-10T09:20:32.679067Z,69.06700000000001 ms,52.583666 ms,49.35553968888889 ms,15.174379 ms,70.769601 ms,45
2024-04-10T09:20:32.61Z,2024-04-10T09:20:32.681012Z,2024-04-10T09:20:32.726221Z,116.221 ms,45.206357 ms,49.26534006521739 ms,15.174379 ms,70.769601 ms,46
2024-04-10T09:20:32.75Z,2024-04-10T09:20:32.766623Z,2024-04-10T09:20:32.815181Z,65.181 ms,48.556504 ms,49.25025844680851 ms,15.174379 ms,70.769601 ms,47
2024-04-10T09:20:32.77Z,2024-04-10T09:20:32.816395Z,2024-04-10T09:20:32.862352Z,92.352 ms,45.956418 ms,49.181636770833336 ms,15.174379 ms,70.769601 ms,48
2024-04-10T09:21:32.60Z,2024-04-10T09:21:32.615477Z,2024-04-10T09:21:32.675418Z,75.41799999999999 ms,59.936899 ms,49.40113191836735 ms,15.174379 ms,70.769601 ms,49
2024-04-10T09:21:32.61Z,2024-04-10T09:21:32.677324Z,2024-04-10T09:21:32.726328Z,116.328 ms,48.995525 ms,49.39301978 ms,15.174379 ms,70.769601 ms,50
2024-04-10T09:21:32.77Z,2024-04-10T09:21:32.783381Z,2024-04-10T09:21:32.832425Z,62.425000000000004 ms,49.042065 ms,49.386138313725496 ms,15.174379 ms,70.769601 ms,51
2024-04-10T09:21:32.77Z,2024-04-10T09:21:32.834112Z,2024-04-10T09:21:32.883430Z,113.43 ms,49.315493 ms,49.38477975 ms,15.174379 ms,70.769601 ms,52
2024-04-10T09:22:32.59Z,2024-04-10T09:22:32.610756Z,2024-04-10T09:22:32.654936Z,64.93599999999999 ms,44.178783 ms,49.28655339622642 ms,15.174379 ms,70.769601 ms,53
2024-04-10T09:22:32.60Z,2024-04-10T09:22:32.656208Z,2024-04-10T09:22:32.701527Z,101.527 ms,45.315404 ms,49.21301359259259 ms,15.174379 ms,70.769601 ms,54
2024-04-10T09:22:32.75Z,2024-04-10T09:22:32.771427Z,2024-04-10T09:22:32.814773Z,64.773 ms,43.345306 ms,49.106328 ms,15.174379 ms,70.769601 ms,55
2024-04-10T09:22:32.78Z,2024-04-10T09:22:32.815909Z,2024-04-10T09:22:32.856210Z,76.21 ms,40.298971 ms,48.949053767857144 ms,15.174379 ms,70.769601 ms,56
2024-04-10T09:23:32.59Z,2024-04-10T09:23:32.613083Z,2024-04-10T09:23:32.661701Z,71.70100000000001 ms,48.61759 ms,48.94323861403508 ms,15.174379 ms,70.769601 ms,57
2024-04-10T09:23:32.60Z,2024-04-10T09:23:32.663159Z,2024-04-10T09:23:32.707946Z,107.946 ms,44.785081 ms,48.87154624137931 ms,15.174379 ms,70.769601 ms,58
2024-04-10T09:23:32.75Z,2024-04-10T09:23:32.773170Z,2024-04-10T09:23:32.796037Z,46.037 ms,22.868408 ms,48.43081508474577 ms,15.174379 ms,70.769601 ms,59
2024-04-10T09:23:32.77Z,2024-04-10T09:23:32.797144Z,2024-04-10T09:23:32.817711Z,47.711000000000006 ms,20.56457 ms,47.966377666666666 ms,15.174379 ms,70.769601 ms,60
2024-04-10T09:24:32.60Z,2024-04-10T09:24:32.615467Z,2024-04-10T09:24:32.667323Z,67.323 ms,51.855337 ms,48.030131098360656 ms,15.174379 ms,70.769601 ms,61
2024-04-10T09:24:32.61Z,2024-04-10T09:24:32.668736Z,2024-04-10T09:24:32.707635Z,97.635 ms,38.896917 ms,47.88282119354839 ms,15.174379 ms,70.769601 ms,62
2024-04-10T09:24:32.76Z,2024-04-10T09:24:32.774895Z,2024-04-10T09:24:32.816395Z,56.395 ms,41.499936 ms,47.781505555555555 ms,15.174379 ms,70.769601 ms,63
2024-04-10T09:24:32.78Z,2024-04-10T09:24:32.817726Z,2024-04-10T09:24:32.857481Z,77.481 ms,39.753331 ms,47.656065328125 ms,15.174379 ms,70.769601 ms,64
2024-04-10T09:25:32.60Z,2024-04-10T09:25:32.614547Z,2024-04-10T09:25:32.657747Z,57.747 ms,43.198387 ms,47.58748566153846 ms,15.174379 ms,70.769601 ms,65
2024-04-10T09:25:32.61Z,2024-04-10T09:25:32.658968Z,2024-04-10T09:25:32.702392Z,92.392 ms,43.420249 ms,47.52434571212121 ms,15.174379 ms,70.769601 ms,66
2024-04-10T09:25:32.76Z,2024-04-10T09:25:32.774285Z,2024-04-10T09:25:32.816699Z,56.699 ms,42.413585 ms,47.44806570149254 ms,15.174379 ms,70.769601 ms,67
2024-04-10T09:25:32.78Z,2024-04-10T09:25:32.817835Z,2024-04-10T09:25:32.861392Z,81.39200000000001 ms,43.554476 ms,47.39080702941176 ms,15.174379 ms,70.769601 ms,68
2024-04-10T09:26:32.60Z,2024-04-10T09:26:32.618762Z,2024-04-10T09:26:32.659049Z,59.049 ms,40.285894 ms,47.28783727536232 ms,15.174379 ms,70.769601 ms,69
2024-04-10T09:26:32.60Z,2024-04-10T09:26:32.660332Z,2024-04-10T09:26:32.700205Z,100.205 ms,39.871527 ms,47.181889985714285 ms,15.174379 ms,70.769601 ms,70
2024-04-10T09:26:32.75Z,2024-04-10T09:26:32.773705Z,2024-04-10T09:26:32.815349Z,65.349 ms,41.643304 ms,47.10388173239437 ms,15.174379 ms,70.769601 ms,71
2024-04-10T09:26:32.78Z,2024-04-10T09:26:32.816591Z,2024-04-10T09:26:32.857026Z,77.026 ms,40.434065 ms,47.01124538888889 ms,15.174379 ms,70.769601 ms,72
2024-04-10T09:27:32.59Z,2024-04-10T09:27:32.611684Z,2024-04-10T09:27:32.663165Z,73.16499999999999 ms,51.480855 ms,47.07247291780822 ms,15.174379 ms,70.769601 ms,73
2024-04-10T09:27:32.61Z,2024-04-10T09:27:32.664469Z,2024-04-10T09:27:32.704928Z,94.928 ms,40.455928 ms,46.98306014864865 ms,15.174379 ms,70.769601 ms,74
2024-04-10T09:27:32.77Z,2024-04-10T09:27:32.787517Z,2024-04-10T09:27:32.826409Z,56.409 ms,38.890954 ms,46.8751654 ms,15.174379 ms,70.769601 ms,75
2024-04-10T09:27:32.78Z,2024-04-10T09:27:32.827865Z,2024-04-10T09:27:32.877034Z,97.03399999999999 ms,49.167809 ms,46.905331763157896 ms,15.174379 ms,70.769601 ms,76
2024-04-10T09:28:32.60Z,2024-04-10T09:28:32.623619Z,2024-04-10T09:28:32.678547Z,78.54700000000001 ms,54.927141 ms,47.0095111038961 ms,15.174379 ms,70.769601 ms,77
2024-04-10T09:28:32.61Z,2024-04-10T09:28:32.679724Z,2024-04-10T09:28:32.708703Z,98.703 ms,28.977594 ms,46.77833267948718 ms,15.174379 ms,70.769601 ms,78
2024-04-10T09:28:32.76Z,2024-04-10T09:28:32.783651Z,2024-04-10T09:28:32.796791Z,36.791 ms,13.140784 ms,46.352540924050636 ms,13.140784 ms,70.769601 ms,79
2024-04-10T09:28:32.77Z,2024-04-10T09:28:32.797865Z,2024-04-10T09:28:32.810144Z,40.144 ms,12.277444 ms,45.9266022125 ms,12.277444 ms,70.769601 ms,80
2024-04-10T09:29:32.60Z,2024-04-10T09:29:32.615977Z,2024-04-10T09:29:32.673607Z,73.607 ms,57.629971 ms,46.07108824691358 ms,12.277444 ms,70.769601 ms,81
2024-04-10T09:29:32.61Z,2024-04-10T09:29:32.674987Z,2024-04-10T09:29:32.717541Z,107.541 ms,42.551776 ms,46.02816980487805 ms,12.277444 ms,70.769601 ms,82
2024-04-10T09:29:32.76Z,2024-04-10T09:29:32.780328Z,2024-04-10T09:29:32.820560Z,60.56 ms,40.230711 ms,45.958320903614464 ms,12.277444 ms,70.769601 ms,83
2024-04-10T09:29:32.79Z,2024-04-10T09:29:32.821789Z,2024-04-10T09:29:32.862896Z,72.896 ms,41.106716 ms,45.90056370238096 ms,12.277444 ms,70.769601 ms,84
2024-04-10T09:30:32.59Z,2024-04-10T09:30:32.614108Z,2024-04-10T09:30:32.665576Z,75.57600000000001 ms,51.466658 ms,45.96604716470588 ms,12.277444 ms,70.769601 ms,85
2024-04-10T09:30:32.60Z,2024-04-10T09:30:32.666652Z,2024-04-10T09:30:32.709153Z,109.153 ms,42.499681 ms,45.92574058139535 ms,12.277444 ms,70.769601 ms,86
2024-04-10T09:30:32.76Z,2024-04-10T09:30:32.777144Z,2024-04-10T09:30:32.818258Z,58.257999999999996 ms,41.113361 ms,45.870425873563214 ms,12.277444 ms,70.769601 ms,87
2024-04-10T09:30:32.78Z,2024-04-10T09:30:32.819466Z,2024-04-10T09:30:32.860429Z,80.429 ms,40.960999 ms,45.81463693181818 ms,12.277444 ms,70.769601 ms,88
2024-04-10T09:31:32.59Z,2024-04-10T09:31:32.616401Z,2024-04-10T09:31:32.666472Z,76.472 ms,50.070205 ms,45.86245230337079 ms,12.277444 ms,70.769601 ms,89
2024-04-10T09:31:32.61Z,2024-04-10T09:31:32.667706Z,2024-04-10T09:31:32.710101Z,100.101 ms,42.39291 ms,45.82390183333334 ms,12.277444 ms,70.769601 ms,90
2024-04-10T09:31:32.75Z,2024-04-10T09:31:32.774589Z,2024-04-10T09:31:32.825115Z,75.115 ms,50.525363 ms,45.87556624175824 ms,12.277444 ms,70.769601 ms,91
2024-04-10T09:31:32.77Z,2024-04-10T09:31:32.826310Z,2024-04-10T09:31:32.866379Z,96.379 ms,40.067081 ms,45.812430532608694 ms,12.277444 ms,70.769601 ms,92
2024-04-10T09:32:32.60Z,2024-04-10T09:32:32.622142Z,2024-04-10T09:32:32.666336Z,66.33600000000001 ms,44.193029 ms,45.79501761290322 ms,12.277444 ms,70.769601 ms,93
2024-04-10T09:32:32.61Z,2024-04-10T09:32:32.667666Z,2024-04-10T09:32:32.711316Z,101.316 ms,43.648828 ms,45.77218580851064 ms,12.277444 ms,70.769601 ms,94
2024-04-10T09:32:32.76Z,2024-04-10T09:32:32.781740Z,2024-04-10T09:32:32.825070Z,65.07000000000001 ms,43.32944 ms,45.746472694736845 ms,12.277444 ms,70.769601 ms,95
2024-04-10T09:32:32.79Z,2024-04-10T09:32:32.826500Z,2024-04-10T09:32:32.866425Z,76.42500000000001 ms,39.923311 ms,45.68581476041666 ms,12.277444 ms,70.769601 ms,96
2024-04-10T09:33:32.60Z,2024-04-10T09:33:32.620534Z,2024-04-10T09:33:32.653222Z,53.222 ms,32.688145 ms,45.55181816494846 ms,12.277444 ms,70.769601 ms,97
2024-04-10T09:33:32.61Z,2024-04-10T09:33:32.654436Z,2024-04-10T09:33:32.666727Z,56.727 ms,12.291918 ms,45.21243142857143 ms,12.277444 ms,70.769601 ms,98
2024-04-10T09:33:32.76Z,2024-04-10T09:33:32.780120Z,2024-04-10T09:33:32.801242Z,41.242000000000004 ms,21.122286 ms,44.969096626262626 ms,12.277444 ms,70.769601 ms,99
2024-04-10T09:33:32.77Z,2024-04-10T09:33:32.802270Z,2024-04-10T09:33:32.816057Z,46.057 ms,13.785822 ms,44.65726388 ms,12.277444 ms,70.769601 ms,100
2024-04-10T09:34:32.61Z,2024-04-10T09:34:32.633089Z,2024-04-10T09:34:32.674360Z,64.36 ms,41.269418 ms,44.623720851485146 ms,12.277444 ms,70.769601 ms,101
2024-04-10T09:34:32.61Z,2024-04-10T09:34:32.675699Z,2024-04-10T09:34:32.715313Z,105.313 ms,39.612982 ms,44.574595960784315 ms,12.277444 ms,70.769601 ms,102
2024-04-10T09:34:32.75Z,2024-04-10T09:34:32.776773Z,2024-04-10T09:34:32.817629Z,67.62899999999999 ms,40.854559 ms,44.538479097087375 ms,12.277444 ms,70.769601 ms,103
2024-04-10T09:34:32.78Z,2024-04-10T09:34:32.818742Z,2024-04-10T09:34:32.856987Z,76.987 ms,38.244101 ms,44.47795623076923 ms,12.277444 ms,70.769601 ms,104
2024-04-10T09:35:32.61Z,2024-04-10T09:35:32.630325Z,2024-04-10T09:35:32.672258Z,62.258 ms,41.933004 ms,44.45371859047619 ms,12.277444 ms,70.769601 ms,105
2024-04-10T09:35:32.61Z,2024-04-10T09:35:32.673488Z,2024-04-10T09:35:32.726397Z,116.397 ms,52.90745 ms,44.5334707735849 ms,12.277444 ms,70.769601 ms,106
2024-04-10T09:35:32.76Z,2024-04-10T09:35:32.781843Z,2024-04-10T09:35:32.823821Z,63.821000000000005 ms,41.976175 ms,44.50957081308411 ms,12.277444 ms,70.769601 ms,107
2024-04-10T09:35:32.77Z,2024-04-10T09:35:32.825066Z,2024-04-10T09:35:32.866606Z,96.606 ms,41.537546 ms,44.482052064814816 ms,12.277444 ms,70.769601 ms,108
2024-04-10T09:36:32.61Z,2024-04-10T09:36:32.630056Z,2024-04-10T09:36:32.678345Z,68.345 ms,48.288116 ms,44.51697008256881 ms,12.277444 ms,70.769601 ms,109
2024-04-10T09:36:32.61Z,2024-04-10T09:36:32.679527Z,2024-04-10T09:36:32.719246Z,109.246 ms,39.71786 ms,44.47334180909091 ms,12.277444 ms,70.769601 ms,110
2024-04-10T09:36:32.76Z,2024-04-10T09:36:32.779209Z,2024-04-10T09:36:32.819146Z,59.145999999999994 ms,39.93763 ms,44.43247954054054 ms,12.277444 ms,70.769601 ms,111
2024-04-10T09:36:32.77Z,2024-04-10T09:36:32.820268Z,2024-04-10T09:36:32.860231Z,90.23100000000001 ms,39.961004 ms,44.39255565178571 ms,12.277444 ms,70.769601 ms,112
2024-04-10T09:37:32.60Z,2024-04-10T09:37:32.626925Z,2024-04-10T09:37:32.676792Z,76.792 ms,49.866201 ms,44.44099499115044 ms,12.277444 ms,70.769601 ms,113
2024-04-10T09:37:32.61Z,2024-04-10T09:37:32.677882Z,2024-04-10T09:37:32.717282Z,107.282 ms,39.398009 ms,44.396758271929826 ms,12.277444 ms,70.769601 ms,114
2024-04-10T09:37:32.77Z,2024-04-10T09:37:32.792403Z,2024-04-10T09:37:32.830750Z,60.75 ms,38.347024 ms,44.34415188695652 ms,12.277444 ms,70.769601 ms,115
2024-04-10T09:37:32.78Z,2024-04-10T09:37:32.831821Z,2024-04-10T09:37:32.873253Z,93.253 ms,41.430633 ms,44.31903534482758 ms,12.277444 ms,70.769601 ms,116
2024-04-10T09:38:32.59Z,2024-04-10T09:38:32.619080Z,2024-04-10T09:38:32.667290Z,77.28999999999999 ms,48.209333 ms,44.35228575213675 ms,12.277444 ms,70.769601 ms,117
2024-04-10T09:38:32.61Z,2024-04-10T09:38:32.668438Z,2024-04-10T09:38:32.706391Z,96.391 ms,37.952464 ms,44.29804997457627 ms,12.277444 ms,70.769601 ms,118
2024-04-10T09:38:32.75Z,2024-04-10T09:38:32.776011Z,2024-04-10T09:38:32.815271Z,65.271 ms,39.259067 ms,44.25570557983193 ms,12.277444 ms,70.769601 ms,119
2024-04-10T09:38:32.78Z,2024-04-10T09:38:32.816423Z,2024-04-10T09:38:32.855702Z,75.70200000000001 ms,39.278155 ms,44.214225991666666 ms,12.277444 ms,70.769601 ms,120
2024-04-10T09:39:32.60Z,2024-04-10T09:39:32.622606Z,2024-04-10T09:39:32.678016Z,78.016 ms,55.409877 ms,44.306752033057855 ms,12.277444 ms,70.769601 ms,121
2024-04-10T09:39:32.61Z,2024-04-10T09:39:32.679593Z,2024-04-10T09:39:32.720650Z,110.64999999999999 ms,41.055142 ms,44.280099491803284 ms,12.277444 ms,70.769601 ms,122
2024-04-10T09:39:32.76Z,2024-04-10T09:39:32.787421Z,2024-04-10T09:39:32.831253Z,71.253 ms,43.832256 ms,44.276458487804874 ms,12.277444 ms,70.769601 ms,123
2024-04-10T09:39:32.79Z,2024-04-10T09:39:32.832809Z,2024-04-10T09:39:32.878466Z,88.46600000000001 ms,45.655828 ms,44.28758243548387 ms,12.277444 ms,70.769601 ms,124
2024-04-10T09:40:32.60Z,2024-04-10T09:40:32.629905Z,2024-04-10T09:40:32.670898Z,70.898 ms,40.990616 ms,44.261206704 ms,12.277444 ms,70.769601 ms,125
2024-04-10T09:40:32.61Z,2024-04-10T09:40:32.672475Z,2024-04-10T09:40:32.711669Z,101.669 ms,39.193031 ms,44.22098308730159 ms,12.277444 ms,70.769601 ms,126
2024-04-10T09:40:32.75Z,2024-04-10T09:40:32.778707Z,2024-04-10T09:40:32.817438Z,67.438 ms,38.729558 ms,44.17774351968504 ms,12.277444 ms,70.769601 ms,127
2024-04-10T09:40:32.77Z,2024-04-10T09:40:32.818706Z,2024-04-10T09:40:32.859031Z,89.031 ms,40.324156 ms,44.1476373671875 ms,12.277444 ms,70.769601 ms,128
2024-04-10T09:41:32.61Z,2024-04-10T09:41:32.632633Z,2024-04-10T09:41:32.670937Z,60.937 ms,38.302488 ms,44.10232613178295 ms,12.277444 ms,70.769601 ms,129
2024-04-10T09:41:32.61Z,2024-04-10T09:41:32.672097Z,2024-04-10T09:41:32.709678Z,99.678 ms,37.577726 ms,44.0521369 ms,12.277444 ms,70.769601 ms,130
2024-04-10T09:41:32.75Z,2024-04-10T09:41:32.777405Z,2024-04-10T09:41:32.828525Z,78.52499999999999 ms,51.117911 ms,44.106074106870224 ms,12.277444 ms,70.769601 ms,131
2024-04-10T09:41:32.77Z,2024-04-10T09:41:32.829752Z,2024-04-10T09:41:32.869715Z,99.715 ms,39.961679 ms,44.074677174242424 ms,12.277444 ms,70.769601 ms,132
2024-04-10T09:42:32.59Z,2024-04-10T09:42:32.620658Z,2024-04-10T09:42:32.661300Z,71.3 ms,40.640692 ms,44.0488577368421 ms,12.277444 ms,70.769601 ms,133
2024-04-10T09:42:32.61Z,2024-04-10T09:42:32.662663Z,2024-04-10T09:42:32.701229Z,91.229 ms,38.564195 ms,44.00792741791045 ms,12.277444 ms,70.769601 ms,134
2024-04-10T09:42:32.76Z,2024-04-10T09:42:32.782760Z,2024-04-10T09:42:32.822777Z,62.777 ms,40.01615 ms,43.9783586962963 ms,12.277444 ms,70.769601 ms,135
2024-04-10T09:42:32.77Z,2024-04-10T09:42:32.824074Z,2024-04-10T09:42:32.849850Z,79.85000000000001 ms,25.774474 ms,43.84450660294118 ms,12.277444 ms,70.769601 ms,136
2024-04-10T09:43:32.60Z,2024-04-10T09:43:32.628038Z,2024-04-10T09:43:32.667817Z,67.81700000000001 ms,39.777711 ms,43.814821963503654 ms,12.277444 ms,70.769601 ms,137
2024-04-10T09:43:32.61Z,2024-04-10T09:43:32.669081Z,2024-04-10T09:43:32.706316Z,96.316 ms,37.234397 ms,43.76713772463768 ms,12.277444 ms,70.769601 ms,138
2024-04-10T09:43:32.77Z,2024-04-10T09:43:32.795237Z,2024-04-10T09:43:32.833524Z,63.523999999999994 ms,38.286279 ms,43.72770708633094 ms,12.277444 ms,70.769601 ms,139
2024-04-10T09:43:32.78Z,2024-04-10T09:43:32.834610Z,2024-04-10T09:43:32.874328Z,94.32799999999999 ms,39.717126 ms,43.69906007857143 ms,12.277444 ms,70.769601 ms,140
2024-04-10T09:44:32.60Z,2024-04-10T09:44:32.630822Z,2024-04-10T09:44:32.673862Z,73.862 ms,43.038606 ms,43.6943760070922 ms,12.277444 ms,70.769601 ms,141
2024-04-10T09:44:32.61Z,2024-04-10T09:44:32.675434Z,2024-04-10T09:44:32.716990Z,106.99 ms,41.554623 ms,43.67930732394366 ms,12.277444 ms,70.769601 ms,142
2024-04-10T09:44:32.76Z,2024-04-10T09:44:32.784742Z,2024-04-10T09:44:32.825480Z,65.47999999999999 ms,40.738224 ms,43.658740307692305 ms,12.277444 ms,70.769601 ms,143
2024-04-10T09:44:32.77Z,2024-04-10T09:44:32.826675Z,2024-04-10T09:44:32.867450Z,97.44999999999999 ms,40.772478 ms,43.63869681944445 ms,12.277444 ms,70.769601 ms,144
2024-04-10T09:45:32.61Z,2024-04-10T09:45:32.633295Z,2024-04-10T09:45:32.685449Z,75.449 ms,52.153376 ms,43.69741874482758 ms,12.277444 ms,70.769601 ms,145
2024-04-10T09:45:32.61Z,2024-04-10T09:45:32.686880Z,2024-04-10T09:45:32.724182Z,114.182 ms,37.299139 ms,43.6535949109589 ms,12.277444 ms,70.769601 ms,146
2024-04-10T09:45:32.75Z,2024-04-10T09:45:32.781903Z,2024-04-10T09:45:32.823236Z,73.23599999999999 ms,41.331608 ms,43.63779908163265 ms,12.277444 ms,70.769601 ms,147
2024-04-10T09:45:32.78Z,2024-04-10T09:45:32.825029Z,2024-04-10T09:45:32.863996Z,83.996 ms,38.966179 ms,43.60623408108108 ms,12.277444 ms,70.769601 ms,148
2024-04-10T09:46:32.60Z,2024-04-10T09:46:32.625503Z,2024-04-10T09:46:32.666116Z,66.116 ms,40.611502 ms,43.58613520805369 ms,12.277444 ms,70.769601 ms,149
2024-04-10T09:46:32.60Z,2024-04-10T09:46:32.667306Z,2024-04-10T09:46:32.704160Z,104.16 ms,36.853094 ms,43.54124826666666 ms,12.277444 ms,70.769601 ms,150
2024-04-10T09:46:32.76Z,2024-04-10T09:46:32.789131Z,2024-04-10T09:46:32.837145Z,77.14500000000001 ms,48.013178 ms,43.57086369536424 ms,12.277444 ms,70.769601 ms,151
2024-04-10T09:46:32.78Z,2024-04-10T09:46:32.838298Z,2024-04-10T09:46:32.875840Z,95.83999999999999 ms,37.541239 ms,43.5311951118421 ms,12.277444 ms,70.769601 ms,152
2024-04-10T09:47:32.60Z,2024-04-10T09:47:32.628303Z,2024-04-10T09:47:32.677576Z,77.57600000000001 ms,49.273343 ms,43.56872549019608 ms,12.277444 ms,70.769601 ms,153
2024-04-10T09:47:32.60Z,2024-04-10T09:47:32.678653Z,2024-04-10T09:47:32.715758Z,115.758 ms,37.103076 ms,43.526740753246756 ms,12.277444 ms,70.769601 ms,154
2024-04-10T09:47:32.76Z,2024-04-10T09:47:32.787561Z,2024-04-10T09:47:32.827757Z,67.75699999999999 ms,40.19538 ms,43.5052481032258 ms,12.277444 ms,70.769601 ms,155
2024-04-10T09:47:32.78Z,2024-04-10T09:47:32.828937Z,2024-04-10T09:47:32.842938Z,62.937999999999995 ms,13.999782 ms,43.3161105 ms,12.277444 ms,70.769601 ms,156
2024-04-10T09:48:32.60Z,2024-04-10T09:48:32.625973Z,2024-04-10T09:48:32.667867Z,67.86699999999999 ms,41.89413 ms,43.307053299363055 ms,12.277444 ms,70.769601 ms,157
2024-04-10T09:48:32.60Z,2024-04-10T09:48:32.669194Z,2024-04-10T09:48:32.708657Z,108.65700000000001 ms,39.462443 ms,43.28272032278481 ms,12.277444 ms,70.769601 ms,158
2024-04-10T09:48:32.76Z,2024-04-10T09:48:32.791765Z,2024-04-10T09:48:32.831796Z,71.79599999999999 ms,40.030567 ms,43.262266528301886 ms,12.277444 ms,70.769601 ms,159
2024-04-10T09:48:32.77Z,2024-04-10T09:48:32.832984Z,2024-04-10T09:48:32.873759Z,103.759 ms,40.773199 ms,43.24670985625 ms,12.277444 ms,70.769601 ms,160
2024-04-10T09:49:32.61Z,2024-04-10T09:49:32.643622Z,2024-04-10T09:49:32.712471Z,102.471 ms,68.847903 ms,43.40572347826087 ms,12.277444 ms,70.769601 ms,161
2024-04-10T09:49:32.62Z,2024-04-10T09:49:32.714238Z,2024-04-10T09:49:32.761853Z,141.853 ms,47.616887 ms,43.431718314814816 ms,12.277444 ms,70.769601 ms,162
2024-04-10T09:49:32.78Z,2024-04-10T09:49:32.805964Z,2024-04-10T09:49:32.855552Z,75.55199999999999 ms,49.585989 ms,43.46947457668712 ms,12.277444 ms,70.769601 ms,163
2024-04-10T09:49:32.78Z,2024-04-10T09:49:32.855912Z,2024-04-10T09:49:32.904604Z,124.60400000000001 ms,48.688526 ms,43.501298060975614 ms,12.277444 ms,70.769601 ms,164
2024-04-10T09:50:32.61Z,2024-04-10T09:50:32.637399Z,2024-04-10T09:50:32.686184Z,76.184 ms,48.782927 ms,43.53330793333333 ms,12.277444 ms,70.769601 ms,165
2024-04-10T09:50:32.61Z,2024-04-10T09:50:32.688290Z,2024-04-10T09:50:32.740121Z,130.12099999999998 ms,51.828539 ms,43.58327920481928 ms,12.277444 ms,70.769601 ms,166
2024-04-10T09:50:32.78Z,2024-04-10T09:50:32.807261Z,2024-04-10T09:50:32.855659Z,75.659 ms,48.396487 ms,43.61210080838323 ms,12.277444 ms,70.769601 ms,167
2024-04-10T09:50:32.78Z,2024-04-10T09:50:32.856959Z,2024-04-10T09:50:32.903956Z,123.956 ms,46.995474 ms,43.6322399345238 ms,12.277444 ms,70.769601 ms,168
2024-04-10T09:51:32.60Z,2024-04-10T09:51:32.636492Z,2024-04-10T09:51:32.683426Z,83.426 ms,46.933043 ms,43.651771313609466 ms,12.277444 ms,70.769601 ms,169
2024-04-10T09:51:32.61Z,2024-04-10T09:51:32.684603Z,2024-04-10T09:51:32.728597Z,118.597 ms,43.992332 ms,43.6537746117647 ms,12.277444 ms,70.769601 ms,170
2024-04-10T09:51:32.77Z,2024-04-10T09:51:32.798835Z,2024-04-10T09:51:32.843102Z,73.102 ms,44.266227 ms,43.657356204678365 ms,12.277444 ms,70.769601 ms,171
2024-04-10T09:51:32.78Z,2024-04-10T09:51:32.844180Z,2024-04-10T09:51:32.890982Z,110.982 ms,46.800691 ms,43.67563140697674 ms,12.277444 ms,70.769601 ms,172
2024-04-10T09:52:32.61Z,2024-04-10T09:52:32.639449Z,2024-04-10T09:52:32.681941Z,71.941 ms,42.491652 ms,43.668787595375726 ms,12.277444 ms,70.769601 ms,173
2024-04-10T09:52:32.61Z,2024-04-10T09:52:32.682946Z,2024-04-10T09:52:32.723751Z,113.751 ms,40.802058 ms,43.652312137931034 ms,12.277444 ms,70.769601 ms,174
2024-04-10T09:52:32.76Z,2024-04-10T09:52:32.797803Z,2024-04-10T09:52:32.822697Z,62.697 ms,24.894116 ms,43.545122445714284 ms,12.277444 ms,70.769601 ms,175
2024-04-10T09:52:32.78Z,2024-04-10T09:52:32.823724Z,2024-04-10T09:52:32.837744Z,57.744 ms,14.019351 ms,43.377362380681824 ms,12.277444 ms,70.769601 ms,176
2024-04-10T09:53:32.61Z,2024-04-10T09:53:32.641322Z,2024-04-10T09:53:32.690146Z,80.146 ms,48.822056 ms,43.40812336158192 ms,12.277444 ms,70.769601 ms,177
2024-04-10T09:53:32.61Z,2024-04-10T09:53:32.691512Z,2024-04-10T09:53:32.729832Z,119.832 ms,38.318577 ms,43.37953040449438 ms,12.277444 ms,70.769601 ms,178
2024-04-10T09:53:32.77Z,2024-04-10T09:53:32.803295Z,2024-04-10T09:53:32.840607Z,70.607 ms,37.310042 ms,43.34562264804469 ms,12.277444 ms,70.769601 ms,179
2024-04-10T09:53:32.78Z,2024-04-10T09:53:32.841745Z,2024-04-10T09:53:32.878810Z,98.80999999999999 ms,37.062825 ms,43.31071821666667 ms,12.277444 ms,70.769601 ms,180
2024-04-10T09:54:32.60Z,2024-04-10T09:54:32.636023Z,2024-04-10T09:54:32.681084Z,81.084 ms,45.060227 ms,43.320384011049725 ms,12.277444 ms,70.769601 ms,181
2024-04-10T09:54:32.61Z,2024-04-10T09:54:32.682530Z,2024-04-10T09:54:32.726047Z,116.047 ms,43.515211 ms,43.32145448901099 ms,12.277444 ms,70.769601 ms,182
2024-04-10T09:54:32.76Z,2024-04-10T09:54:32.795028Z,2024-04-10T09:54:32.835667Z,75.667 ms,40.639472 ms,43.30679884699453 ms,12.277444 ms,70.769601 ms,183
2024-04-10T09:54:32.77Z,2024-04-10T09:54:32.836669Z,2024-04-10T09:54:32.875612Z,105.612 ms,38.942409 ms,43.283079336956526 ms,12.277444 ms,70.769601 ms,184
2024-04-10T09:55:32.60Z,2024-04-10T09:55:32.640245Z,2024-04-10T09:55:32.690292Z,90.292 ms,50.042217 ms,43.319615216216214 ms,12.277444 ms,70.769601 ms,185
2024-04-10T09:55:32.61Z,2024-04-10T09:55:32.692109Z,2024-04-10T09:55:32.737752Z,127.75200000000001 ms,45.639813 ms,43.332089397849465 ms,12.277444 ms,70.769601 ms,186
2024-04-10T09:55:32.75Z,2024-04-10T09:55:32.791539Z,2024-04-10T09:55:32.829920Z,79.92 ms,38.381267 ms,43.3056144117647 ms,12.277444 ms,70.769601 ms,187
2024-04-10T09:55:32.77Z,2024-04-10T09:55:32.830878Z,2024-04-10T09:55:32.870637Z,100.637 ms,39.756391 ms,43.28673556382979 ms,12.277444 ms,70.769601 ms,188
2024-04-10T09:56:32.60Z,2024-04-10T09:56:32.640290Z,2024-04-10T09:56:32.678839Z,78.83900000000001 ms,38.547993 ms,43.26166285185185 ms,12.277444 ms,70.769601 ms,189
2024-04-10T09:56:32.61Z,2024-04-10T09:56:32.679980Z,2024-04-10T09:56:32.716779Z,106.779 ms,36.797423 ms,43.22764053684211 ms,12.277444 ms,70.769601 ms,190
2024-04-10T09:56:32.76Z,2024-04-10T09:56:32.800778Z,2024-04-10T09:56:32.841804Z,81.804 ms,41.022761 ms,43.216096664921466 ms,12.277444 ms,70.769601 ms,191
2024-04-10T09:56:32.77Z,2024-04-10T09:56:32.843089Z,2024-04-10T09:56:32.882344Z,112.344 ms,39.253969 ms,43.195460583333336 ms,12.277444 ms,70.769601 ms,192
2024-04-10T09:57:32.60Z,2024-04-10T09:57:32.642302Z,2024-04-10T09:57:32.702671Z,102.67099999999999 ms,60.367811 ms,43.28443649222798 ms,12.277444 ms,70.769601 ms,193
2024-04-10T09:57:32.61Z,2024-04-10T09:57:32.703811Z,2024-04-10T09:57:32.748981Z,138.981 ms,45.167239 ms,43.294141659793816 ms,12.277444 ms,70.769601 ms,194
2024-04-10T09:57:32.76Z,2024-04-10T09:57:32.796762Z,2024-04-10T09:57:32.819389Z,59.388999999999996 ms,22.626652 ms,43.18815453333333 ms,12.277444 ms,70.769601 ms,195
2024-04-10T09:57:32.78Z,2024-04-10T09:57:32.820608Z,2024-04-10T09:57:32.834415Z,54.415 ms,13.805293 ms,43.03824197448979 ms,12.277444 ms,70.769601 ms,196
2024-04-10T09:58:32.60Z,2024-04-10T09:58:32.638255Z,2024-04-10T09:58:32.688895Z,88.895 ms,50.638842 ms,43.07682370050761 ms,12.277444 ms,70.769601 ms,197
2024-04-10T09:58:32.61Z,2024-04-10T09:58:32.690635Z,2024-04-10T09:58:32.737915Z,127.915 ms,47.27819 ms,43.098042722222225 ms,12.277444 ms,70.769601 ms,198
2024-04-10T09:58:32.77Z,2024-04-10T09:58:32.808571Z,2024-04-10T09:58:32.848957Z,78.957 ms,40.38539 ms,43.08441130150754 ms,12.277444 ms,70.769601 ms,199
2024-04-10T09:58:32.78Z,2024-04-10T09:58:32.850041Z,2024-04-10T09:58:32.887217Z,107.21700000000001 ms,37.175065 ms,43.05486457 ms,12.277444 ms,70.769601 ms,200
2024-04-10T09:59:32.60Z,2024-04-10T09:59:32.642808Z,2024-04-10T09:59:32.700398Z,100.398 ms,57.587127 ms,43.12716438308458 ms,12.277444 ms,70.769601 ms,201
2024-04-10T09:59:32.62Z,2024-04-10T09:59:32.701923Z,2024-04-10T09:59:32.749518Z,129.518 ms,47.592249 ms,43.14926876237623 ms,12.277444 ms,70.769601 ms,202
2024-04-10T09:59:32.76Z,2024-04-10T09:59:32.802635Z,2024-04-10T09:59:32.843157Z,83.157 ms,40.520583 ms,43.13631957142857 ms,12.277444 ms,70.769601 ms,203
2024-04-10T09:59:32.77Z,2024-04-10T09:59:32.844237Z,2024-04-10T09:59:32.883203Z,113.203 ms,38.964722 ms,43.115870563725494 ms,12.277444 ms,70.769601 ms,204
2024-04-10T10:00:32.60Z,2024-04-10T10:00:32.643509Z,2024-04-10T10:00:32.683197Z,83.19699999999999 ms,39.687109 ms,43.099144897560976 ms,12.277444 ms,70.769601 ms,205
2024-04-10T10:00:32.61Z,2024-04-10T10:00:32.684335Z,2024-04-10T10:00:32.724488Z,114.488 ms,40.15179 ms,43.084837349514565 ms,12.277444 ms,70.769601 ms,206
2024-04-10T10:00:32.77Z,2024-04-10T10:00:32.814589Z,2024-04-10T10:00:32.856798Z,86.798 ms,42.209575 ms,43.080609028985506 ms,12.277444 ms,70.769601 ms,207
2024-04-10T10:00:32.78Z,2024-04-10T10:00:32.857774Z,2024-04-10T10:00:32.895723Z,115.72300000000001 ms,37.946004 ms,43.055923427884615 ms,12.277444 ms,70.769601 ms,208
2024-04-10T10:01:32.60Z,2024-04-10T10:01:32.645911Z,2024-04-10T10:01:32.698830Z,98.83 ms,52.919773 ms,43.10311888038277 ms,12.277444 ms,70.769601 ms,209
2024-04-10T10:01:32.62Z,2024-04-10T10:01:32.700041Z,2024-04-10T10:01:32.736448Z,116.448 ms,36.405741 ms,43.071226604761904 ms,12.277444 ms,70.769601 ms,210
2024-04-10T10:01:32.77Z,2024-04-10T10:01:32.807666Z,2024-04-10T10:01:32.845748Z,75.74799999999999 ms,38.081645 ms,43.0475792985782 ms,12.277444 ms,70.769601 ms,211
2024-04-10T10:01:32.78Z,2024-04-10T10:01:32.846658Z,2024-04-10T10:01:32.880880Z,100.88 ms,34.221905 ms,43.00594875943396 ms,12.277444 ms,70.769601 ms,212
2024-04-10T10:02:32.60Z,2024-04-10T10:02:32.646633Z,2024-04-10T10:02:32.682491Z,82.491 ms,35.857753 ms,42.97238915492958 ms,12.277444 ms,70.769601 ms,213
2024-04-10T10:02:32.61Z,2024-04-10T10:02:32.683397Z,2024-04-10T10:02:32.717614Z,107.614 ms,34.216649 ms,42.931474481308406 ms,12.277444 ms,70.769601 ms,214
2024-04-10T10:02:32.77Z,2024-04-10T10:02:32.815700Z,2024-04-10T10:02:32.826673Z,56.673 ms,10.973693 ms,42.7828336372093 ms,10.973693 ms,70.769601 ms,215
2024-04-10T10:02:32.77Z,2024-04-10T10:02:32.827511Z,2024-04-10T10:02:32.839039Z,69.039 ms,11.527557 ms,42.63813328240741 ms,10.973693 ms,70.769601 ms,216
2024-04-10T10:03:32.60Z,2024-04-10T10:03:32.645736Z,2024-04-10T10:03:32.693512Z,93.512 ms,47.77499 ms,42.66180543317972 ms,10.973693 ms,70.769601 ms,217
2024-04-10T10:03:32.61Z,2024-04-10T10:03:32.694516Z,2024-04-10T10:03:32.730679Z,120.67899999999999 ms,36.161398 ms,42.63198705045871 ms,10.973693 ms,70.769601 ms,218
2024-04-10T10:03:32.76Z,2024-04-10T10:03:32.799992Z,2024-04-10T10:03:32.838877Z,78.87700000000001 ms,38.884191 ms,42.614873826484015 ms,10.973693 ms,70.769601 ms,219
2024-04-10T10:03:32.77Z,2024-04-10T10:03:32.839864Z,2024-04-10T10:03:32.874397Z,104.397 ms,34.531747 ms,42.57813234090909 ms,10.973693 ms,70.769601 ms,220
2024-04-10T10:04:32.60Z,2024-04-10T10:04:32.648088Z,2024-04-10T10:04:32.688981Z,88.98100000000001 ms,40.892473 ms,42.57050492307692 ms,10.973693 ms,70.769601 ms,221
2024-04-10T10:04:32.61Z,2024-04-10T10:04:32.689850Z,2024-04-10T10:04:32.725211Z,115.211 ms,35.359979 ms,42.538025076576574 ms,10.973693 ms,70.769601 ms,222
2024-04-10T10:04:32.76Z,2024-04-10T10:04:32.803397Z,2024-04-10T10:04:32.842017Z,82.01700000000001 ms,38.619263 ms,42.52045215246636 ms,10.973693 ms,70.769601 ms,223
2024-04-10T10:04:32.77Z,2024-04-10T10:04:32.842894Z,2024-04-10T10:04:32.878850Z,108.85000000000001 ms,35.955078 ms,42.491142446428576 ms,10.973693 ms,70.769601 ms,224
2024-04-10T10:05:32.61Z,2024-04-10T10:05:32.652919Z,2024-04-10T10:05:32.692105Z,82.105 ms,39.185733 ms,42.47645173777778 ms,10.973693 ms,70.769601 ms,225
2024-04-10T10:05:32.61Z,2024-04-10T10:05:32.693144Z,2024-04-10T10:05:32.738380Z,128.38 ms,45.234224 ms,42.48865426991151 ms,10.973693 ms,70.769601 ms,226
2024-04-10T10:05:32.76Z,2024-04-10T10:05:32.809635Z,2024-04-10T10:05:32.888355Z,128.355 ms,78.71916 ms,42.648260022026435 ms,10.973693 ms,78.71916 ms,227
2024-04-10T10:05:32.77Z,2024-04-10T10:05:32.890102Z,2024-04-10T10:05:32.934263Z,164.263 ms,44.161039 ms,42.65489501754386 ms,10.973693 ms,78.71916 ms,228
2024-04-10T10:06:32.60Z,2024-04-10T10:06:32.648878Z,2024-04-10T10:06:32.686561Z,86.56099999999999 ms,37.682923 ms,42.633183349344975 ms,10.973693 ms,78.71916 ms,229
2024-04-10T10:06:32.61Z,2024-04-10T10:06:32.687623Z,2024-04-10T10:06:32.720782Z,110.78200000000001 ms,33.158114 ms,42.591987395652176 ms,10.973693 ms,78.71916 ms,230
2024-04-10T10:06:32.77Z,2024-04-10T10:06:32.819300Z,2024-04-10T10:06:32.865213Z,95.21300000000001 ms,45.912181 ms,42.606360528138524 ms,10.973693 ms,78.71916 ms,231
2024-04-10T10:06:32.78Z,2024-04-10T10:06:32.866256Z,2024-04-10T10:06:32.900289Z,120.28899999999999 ms,34.031423 ms,42.569399590517236 ms,10.973693 ms,78.71916 ms,232
2024-04-10T10:07:32.60Z,2024-04-10T10:07:32.647766Z,2024-04-10T10:07:32.701509Z,101.509 ms,53.742553 ms,42.61735303862661 ms,10.973693 ms,78.71916 ms,233
2024-04-10T10:07:32.61Z,2024-04-10T10:07:32.702490Z,2024-04-10T10:07:32.738808Z,128.808 ms,36.316856 ms,42.59042783760684 ms,10.973693 ms,78.71916 ms,234
2024-04-10T10:07:32.76Z,2024-04-10T10:07:32.804368Z,2024-04-10T10:07:32.817367Z,57.367000000000004 ms,12.999007 ms,42.46450689787234 ms,10.973693 ms,78.71916 ms,235
2024-04-10T10:07:32.77Z,2024-04-10T10:07:32.819991Z,2024-04-10T10:07:32.832664Z,62.663999999999994 ms,12.673073 ms,42.338272008474576 ms,10.973693 ms,78.71916 ms,236
2024-04-10T10:08:32.61Z,2024-04-10T10:08:32.655535Z,2024-04-10T10:08:32.692889Z,82.88900000000001 ms,37.353238 ms,42.31723810970465 ms,10.973693 ms,78.71916 ms,237
2024-04-10T10:08:32.61Z,2024-04-10T10:08:32.693925Z,2024-04-10T10:08:32.728782Z,118.782 ms,34.855337 ms,42.285885584033615 ms,10.973693 ms,78.71916 ms,238
2024-04-10T10:08:32.76Z,2024-04-10T10:08:32.807954Z,2024-04-10T10:08:32.845134Z,85.134 ms,37.179 ms,42.26451786192469 ms,10.973693 ms,78.71916 ms,239
2024-04-10T10:08:32.78Z,2024-04-10T10:08:32.845994Z,2024-04-10T10:08:32.880567Z,100.56700000000001 ms,34.571423 ms,42.2324633 ms,10.973693 ms,78.71916 ms,240
2024-04-10T10:09:32.60Z,2024-04-10T10:09:32.648621Z,2024-04-10T10:09:32.695298Z,95.29799999999999 ms,46.677288 ms,42.250906556016595 ms,10.973693 ms,78.71916 ms,241
2024-04-10T10:09:32.61Z,2024-04-10T10:09:32.696204Z,2024-04-10T10:09:32.729944Z,119.94399999999999 ms,33.738868 ms,42.21573284297521 ms,10.973693 ms,78.71916 ms,242
2024-04-10T10:09:32.76Z,2024-04-10T10:09:32.808503Z,2024-04-10T10:09:32.846164Z,86.164 ms,37.661286 ms,42.19699026337449 ms,10.973693 ms,78.71916 ms,243
2024-04-10T10:09:32.78Z,2024-04-10T10:09:32.847097Z,2024-04-10T10:09:32.881761Z,101.76100000000001 ms,34.662755 ms,42.16611225 ms,10.973693 ms,78.71916 ms,244
2024-04-10T10:10:32.61Z,2024-04-10T10:10:32.655829Z,2024-04-10T10:10:32.694199Z,84.199 ms,38.369319 ms,42.15061513469388 ms,10.973693 ms,78.71916 ms,245
2024-04-10T10:10:32.61Z,2024-04-10T10:10:32.695162Z,2024-04-10T10:10:32.730995Z,120.995 ms,35.831434 ms,42.124927406504064 ms,10.973693 ms,78.71916 ms,246
2024-04-10T10:10:32.76Z,2024-04-10T10:10:32.811560Z,2024-04-10T10:10:32.850279Z,90.279 ms,38.718497 ms,42.1111361902834 ms,10.973693 ms,78.71916 ms,247
2024-04-10T10:10:32.78Z,2024-04-10T10:10:32.851746Z,2024-04-10T10:10:32.888007Z,108.007 ms,36.259278 ms,42.08753998790322 ms,10.973693 ms,78.71916 ms,248
2024-04-10T10:11:32.61Z,2024-04-10T10:11:32.661480Z,2024-04-10T10:11:32.701381Z,91.381 ms,39.900753 ms,42.07875771084338 ms,10.973693 ms,78.71916 ms,249
2024-04-10T10:11:32.61Z,2024-04-10T10:11:32.702464Z,2024-04-10T10:11:32.736781Z,126.781 ms,34.315586 ms,42.047705023999995 ms,10.973693 ms,78.71916 ms,250
2024-04-10T10:11:32.76Z,2024-04-10T10:11:32.811634Z,2024-04-10T10:11:32.850785Z,90.78500000000001 ms,39.151017 ms,42.03616443426294 ms,10.973693 ms,78.71916 ms,251
2024-04-10T10:11:32.77Z,2024-04-10T10:11:32.851705Z,2024-04-10T10:11:32.888663Z,118.66300000000001 ms,36.956132 ms,42.016005575396825 ms,10.973693 ms,78.71916 ms,252
2024-04-10T10:12:32.60Z,2024-04-10T10:12:32.652433Z,2024-04-10T10:12:32.702968Z,102.968 ms,50.534735 ms,42.04967644268775 ms,10.973693 ms,78.71916 ms,253
2024-04-10T10:12:32.63Z,2024-04-10T10:12:32.703978Z,2024-04-10T10:12:32.737446Z,107.446 ms,33.467912 ms,42.015889968503934 ms,10.973693 ms,78.71916 ms,254
2024-04-10T10:12:32.76Z,2024-04-10T10:12:32.813191Z,2024-04-10T10:12:32.825160Z,65.16 ms,11.968727 ms,41.89805795686275 ms,10.973693 ms,78.71916 ms,255
2024-04-10T10:12:32.77Z,2024-04-10T10:12:32.825974Z,2024-04-10T10:12:32.838562Z,68.562 ms,12.587538 ms,41.78356373828125 ms,10.973693 ms,78.71916 ms,256
2024-04-10T10:13:32.61Z,2024-04-10T10:13:32.658500Z,2024-04-10T10:13:32.703220Z,93.22 ms,44.719321 ms,41.79498691828794 ms,10.973693 ms,78.71916 ms,257
2024-04-10T10:13:32.61Z,2024-04-10T10:13:32.704181Z,2024-04-10T10:13:32.741223Z,131.223 ms,37.041727 ms,41.77656343023256 ms,10.973693 ms,78.71916 ms,258
2024-04-10T10:13:32.77Z,2024-04-10T10:13:32.818863Z,2024-04-10T10:13:32.858072Z,88.072 ms,39.208427 ms,41.766647845559845 ms,10.973693 ms,78.71916 ms,259
2024-04-10T10:13:32.77Z,2024-04-10T10:13:32.858946Z,2024-04-10T10:13:32.894819Z,124.819 ms,35.872879 ms,41.743979503846155 ms,10.973693 ms,78.71916 ms,260
2024-04-10T10:14:32.60Z,2024-04-10T10:14:32.651446Z,2024-04-10T10:14:32.697005Z,97.005 ms,45.558682 ms,41.758595222222226 ms,10.973693 ms,78.71916 ms,261
2024-04-10T10:14:32.61Z,2024-04-10T10:14:32.697884Z,2024-04-10T10:14:32.732934Z,122.934 ms,35.049692 ms,41.73298872137404 ms,10.973693 ms,78.71916 ms,262
2024-04-10T10:14:32.77Z,2024-04-10T10:14:32.817424Z,2024-04-10T10:14:32.854277Z,84.277 ms,36.852572 ms,41.71443200380229 ms,10.973693 ms,78.71916 ms,263
2024-04-10T10:14:32.77Z,2024-04-10T10:14:32.855119Z,2024-04-10T10:14:32.890072Z,120.072 ms,34.952045 ms,41.688816901515146 ms,10.973693 ms,78.71916 ms,264
2024-04-10T10:15:32.60Z,2024-04-10T10:15:32.657348Z,2024-04-10T10:15:32.701899Z,101.899 ms,44.55105 ms,41.69961778113207 ms,10.973693 ms,78.71916 ms,265
2024-04-10T10:15:32.61Z,2024-04-10T10:15:32.702936Z,2024-04-10T10:15:32.736663Z,126.663 ms,33.726078 ms,41.66964206766917 ms,10.973693 ms,78.71916 ms,266
2024-04-10T10:15:32.77Z,2024-04-10T10:15:32.819828Z,2024-04-10T10:15:32.856996Z,86.99600000000001 ms,37.167963 ms,41.65278184644195 ms,10.973693 ms,78.71916 ms,267
2024-04-10T10:15:32.78Z,2024-04-10T10:15:32.857900Z,2024-04-10T10:15:32.893452Z,113.452 ms,35.550132 ms,41.63001076492537 ms,10.973693 ms,78.71916 ms,268
2024-04-10T10:16:32.61Z,2024-04-10T10:16:32.658114Z,2024-04-10T10:16:32.696152Z,86.152 ms,38.037418 ms,41.61665540148699 ms,10.973693 ms,78.71916 ms,269
2024-04-10T10:16:32.61Z,2024-04-10T10:16:32.697071Z,2024-04-10T10:16:32.741825Z,131.825 ms,44.752913 ms,41.62827117037037 ms,10.973693 ms,78.71916 ms,270
2024-04-10T10:16:32.77Z,2024-04-10T10:16:32.818431Z,2024-04-10T10:16:32.858946Z,88.946 ms,40.514518 ms,41.6241613800738 ms,10.973693 ms,78.71916 ms,271
2024-04-10T10:16:32.78Z,2024-04-10T10:16:32.860063Z,2024-04-10T10:16:32.896490Z,116.49 ms,36.426149 ms,41.605051040441175 ms,10.973693 ms,78.71916 ms,272
2024-04-10T10:17:32.61Z,2024-04-10T10:17:32.662926Z,2024-04-10T10:17:32.712082Z,102.08200000000001 ms,49.155683 ms,41.63270903296703 ms,10.973693 ms,78.71916 ms,273
2024-04-10T10:17:32.62Z,2024-04-10T10:17:32.713060Z,2024-04-10T10:17:32.732581Z,112.581 ms,19.520876 ms,41.55200891240876 ms,10.973693 ms,78.71916 ms,274
2024-04-10T10:17:32.77Z,2024-04-10T10:17:32.823500Z,2024-04-10T10:17:32.834431Z,64.431 ms,10.931843 ms,41.44066285454545 ms,10.931843 ms,78.71916 ms,275
2024-04-10T10:17:32.77Z,2024-04-10T10:17:32.834692Z,2024-04-10T10:17:32.845774Z,75.774 ms,11.080484 ms,41.330662206521744 ms,10.931843 ms,78.71916 ms,276
2024-04-10T10:18:32.61Z,2024-04-10T10:18:32.666768Z,2024-04-10T10:18:32.704055Z,94.055 ms,37.286438 ms,41.316062119133576 ms,10.931843 ms,78.71916 ms,277
2024-04-10T10:18:32.61Z,2024-04-10T10:18:32.705038Z,2024-04-10T10:18:32.740329Z,130.329 ms,35.289101 ms,41.294382402877694 ms,10.931843 ms,78.71916 ms,278
2024-04-10T10:18:32.76Z,2024-04-10T10:18:32.814657Z,2024-04-10T10:18:32.851749Z,91.749 ms,37.091272 ms,41.27931749103943 ms,10.931843 ms,78.71916 ms,279
2024-04-10T10:18:32.79Z,2024-04-10T10:18:32.852638Z,2024-04-10T10:18:32.887536Z,97.536 ms,34.896667 ms,41.25652231071428 ms,10.931843 ms,78.71916 ms,280
2024-04-10T10:19:32.60Z,2024-04-10T10:19:32.656263Z,2024-04-10T10:19:32.704938Z,104.938 ms,48.675441 ms,41.28292415658363 ms,10.931843 ms,78.71916 ms,281
2024-04-10T10:19:32.61Z,2024-04-10T10:19:32.705772Z,2024-04-10T10:19:32.743708Z,133.708 ms,37.934067 ms,41.27104877659574 ms,10.931843 ms,78.71916 ms,282
2024-04-10T10:19:32.77Z,2024-04-10T10:19:32.825911Z,2024-04-10T10:19:32.864828Z,94.82799999999999 ms,38.915648 ms,41.262725805653716 ms,10.931843 ms,78.71916 ms,283
2024-04-10T10:19:32.78Z,2024-04-10T10:19:32.865743Z,2024-04-10T10:19:32.901560Z,121.56 ms,35.815464 ms,41.24354530633803 ms,10.931843 ms,78.71916 ms,284
2024-04-10T10:20:32.61Z,2024-04-10T10:20:32.661807Z,2024-04-10T10:20:32.700810Z,90.81 ms,39.002723 ms,41.235682771929824 ms,10.931843 ms,78.71916 ms,285
2024-04-10T10:20:32.62Z,2024-04-10T10:20:32.701694Z,2024-04-10T10:20:32.737360Z,117.36 ms,35.664637 ms,41.216203590909096 ms,10.931843 ms,78.71916 ms,286
2024-04-10T10:20:32.77Z,2024-04-10T10:20:32.823114Z,2024-04-10T10:20:32.859998Z,89.99799999999999 ms,36.88254 ms,41.20110371777003 ms,10.931843 ms,78.71916 ms,287
2024-04-10T10:20:32.77Z,2024-04-10T10:20:32.861079Z,2024-04-10T10:20:32.898228Z,128.228 ms,37.148382 ms,41.18703176736111 ms,10.931843 ms,78.71916 ms,288
2024-04-10T10:21:32.60Z,2024-04-10T10:21:32.658523Z,2024-04-10T10:21:32.695856Z,95.856 ms,37.33202 ms,41.17369262629758 ms,10.931843 ms,78.71916 ms,289
2024-04-10T10:21:32.63Z,2024-04-10T10:21:32.696716Z,2024-04-10T10:21:32.730337Z,100.33699999999999 ms,33.619466 ms,41.14764356896552 ms,10.931843 ms,78.71916 ms,290
2024-04-10T10:21:32.77Z,2024-04-10T10:21:32.826544Z,2024-04-10T10:21:32.875050Z,105.05000000000001 ms,48.505901 ms,41.17292967697594 ms,10.931843 ms,78.71916 ms,291
2024-04-10T10:21:32.78Z,2024-04-10T10:21:32.876443Z,2024-04-10T10:21:32.915117Z,135.117 ms,38.673184 ms,41.16436890410959 ms,10.931843 ms,78.71916 ms,292
2024-04-10T10:22:32.61Z,2024-04-10T10:22:32.664252Z,2024-04-10T10:22:32.702184Z,92.184 ms,37.931348 ms,41.15333470307167 ms,10.931843 ms,78.71916 ms,293
2024-04-10T10:22:32.63Z,2024-04-10T10:22:32.703137Z,2024-04-10T10:22:32.723309Z,93.309 ms,20.17065 ms,41.081965027210885 ms,10.931843 ms,78.71916 ms,294
2024-04-10T10:22:32.77Z,2024-04-10T10:22:32.824178Z,2024-04-10T10:22:32.839308Z,69.30799999999999 ms,15.129863 ms,40.993991799999996 ms,10.931843 ms,78.71916 ms,295
2024-04-10T10:22:32.78Z,2024-04-10T10:22:32.840103Z,2024-04-10T10:22:32.851881Z,71.881 ms,11.777563 ms,40.89528764864865 ms,10.931843 ms,78.71916 ms,296
2024-04-10T10:23:32.60Z,2024-04-10T10:23:32.661724Z,2024-04-10T10:23:32.707500Z,107.5 ms,45.775385 ms,40.911718952861946 ms,10.931843 ms,78.71916 ms,297
2024-04-10T10:23:32.61Z,2024-04-10T10:23:32.708334Z,2024-04-10T10:23:32.743978Z,133.978 ms,35.642657 ms,40.894037536912755 ms,10.931843 ms,78.71916 ms,298
2024-04-10T10:23:32.77Z,2024-04-10T10:23:32.823495Z,2024-04-10T10:23:32.861623Z,91.62299999999999 ms,38.127459 ms,40.88478476588629 ms,10.931843 ms,78.71916 ms,299
2024-04-10T10:23:32.78Z,2024-04-10T10:23:32.862611Z,2024-04-10T10:23:32.899580Z,119.58000000000001 ms,36.96739 ms,40.87172678333333 ms,10.931843 ms,78.71916 ms,300
2024-04-10T10:24:32.61Z,2024-04-10T10:24:32.667294Z,2024-04-10T10:24:32.705592Z,95.592 ms,38.298155 ms,40.86317671096346 ms,10.931843 ms,78.71916 ms,301
2024-04-10T10:24:32.61Z,2024-04-10T10:24:32.706527Z,2024-04-10T10:24:32.740827Z,130.827 ms,34.298688 ms,40.841439993377485 ms,10.931843 ms,78.71916 ms,302
2024-04-10T10:24:32.76Z,2024-04-10T10:24:32.819524Z,2024-04-10T10:24:32.860213Z,100.213 ms,40.689318 ms,40.84093794059406 ms,10.931843 ms,78.71916 ms,303
2024-04-10T10:24:32.79Z,2024-04-10T10:24:32.861236Z,2024-04-10T10:24:32.896179Z,106.179 ms,34.941944 ms,40.821533355263156 ms,10.931843 ms,78.71916 ms,304
2024-04-10T10:25:32.60Z,2024-04-10T10:25:32.661129Z,2024-04-10T10:25:32.697475Z,97.47500000000001 ms,36.345179 ms,40.80685678360656 ms,10.931843 ms,78.71916 ms,305
2024-04-10T10:25:32.61Z,2024-04-10T10:25:32.698434Z,2024-04-10T10:25:32.733839Z,123.839 ms,35.404106 ms,40.789200735294116 ms,10.931843 ms,78.71916 ms,306
2024-04-10T10:25:32.76Z,2024-04-10T10:25:32.821059Z,2024-04-10T10:25:32.879460Z,119.46 ms,58.400951 ms,40.846568 ms,10.931843 ms,78.71916 ms,307
2024-04-10T10:25:32.77Z,2024-04-10T10:25:32.880468Z,2024-04-10T10:25:32.915084Z,145.084 ms,34.614824 ms,40.826335064935066 ms,10.931843 ms,78.71916 ms,308
2024-04-10T10:26:32.61Z,2024-04-10T10:26:32.671827Z,2024-04-10T10:26:32.717619Z,107.619 ms,45.790725 ms,40.84240105177993 ms,10.931843 ms,78.71916 ms,309
2024-04-10T10:26:32.62Z,2024-04-10T10:26:32.718584Z,2024-04-10T10:26:32.754035Z,134.035 ms,35.44497 ms,40.82498998387097 ms,10.931843 ms,78.71916 ms,310
2024-04-10T10:26:32.78Z,2024-04-10T10:26:32.836286Z,2024-04-10T10:26:32.873502Z,93.502 ms,37.215545 ms,40.813384051446945 ms,10.931843 ms,78.71916 ms,311
2024-04-10T10:26:32.78Z,2024-04-10T10:26:32.873756Z,2024-04-10T10:26:32.909263Z,129.26299999999998 ms,35.505804 ms,40.796372576923076 ms,10.931843 ms,78.71916 ms,312
2024-04-10T10:27:32.61Z,2024-04-10T10:27:32.674198Z,2024-04-10T10:27:32.706019Z,96.01899999999999 ms,31.820848 ms,40.767696779552715 ms,10.931843 ms,78.71916 ms,313
2024-04-10T10:27:32.62Z,2024-04-10T10:27:32.706983Z,2024-04-10T10:27:32.717049Z,97.04899999999999 ms,10.065572 ms,40.66991931210191 ms,10.065572 ms,78.71916 ms,314
2024-04-10T10:27:32.77Z,2024-04-10T10:27:32.833188Z,2024-04-10T10:27:32.844524Z,74.524 ms,11.336521 ms,40.57679741269841 ms,10.065572 ms,78.71916 ms,315
2024-04-10T10:27:32.77Z,2024-04-10T10:27:32.845328Z,2024-04-10T10:27:32.855610Z,85.61 ms,10.280925 ms,40.480924398734174 ms,10.065572 ms,78.71916 ms,316
2024-04-10T10:28:32.61Z,2024-04-10T10:28:32.670546Z,2024-04-10T10:28:32.706721Z,96.721 ms,36.175417 ms,40.46734235646687 ms,10.065572 ms,78.71916 ms,317
2024-04-10T10:28:32.62Z,2024-04-10T10:28:32.707591Z,2024-04-10T10:28:32.742889Z,122.889 ms,35.296777 ms,40.451082716981134 ms,10.065572 ms,78.71916 ms,318
2024-04-10T10:28:32.78Z,2024-04-10T10:28:32.837609Z,2024-04-10T10:28:32.886902Z,106.902 ms,49.291759 ms,40.478796435736676 ms,10.065572 ms,78.71916 ms,319
2024-04-10T10:28:32.78Z,2024-04-10T10:28:32.887871Z,2024-04-10T10:28:32.924392Z,144.392 ms,36.520403 ms,40.46642645625 ms,10.065572 ms,78.71916 ms,320
2024-04-10T10:29:32.60Z,2024-04-10T10:29:32.663875Z,2024-04-10T10:29:32.713764Z,113.76400000000001 ms,49.889032 ms,40.49578036760125 ms,10.065572 ms,78.71916 ms,321
2024-04-10T10:29:32.63Z,2024-04-10T10:29:32.714641Z,2024-04-10T10:29:32.751965Z,121.965 ms,37.322683 ms,40.485926027950306 ms,10.065572 ms,78.71916 ms,322
2024-04-10T10:29:32.76Z,2024-04-10T10:29:32.820747Z,2024-04-10T10:29:32.858801Z,98.801 ms,38.053961 ms,40.4783967244582 ms,10.065572 ms,78.71916 ms,323
2024-04-10T10:29:32.77Z,2024-04-10T10:29:32.859812Z,2024-04-10T10:29:32.895861Z,125.861 ms,36.046343 ms,40.4647175462963 ms,10.065572 ms,78.71916 ms,324
2024-04-10T10:30:32.61Z,2024-04-10T10:30:32.672083Z,2024-04-10T10:30:32.718867Z,108.867 ms,46.783659 ms,40.484160443076924 ms,10.065572 ms,78.71916 ms,325
2024-04-10T10:30:32.61Z,2024-04-10T10:30:32.719778Z,2024-04-10T10:30:32.755848Z,145.848 ms,36.067996 ms,40.470613926380366 ms,10.065572 ms,78.71916 ms,326
2024-04-10T10:30:32.77Z,2024-04-10T10:30:32.828028Z,2024-04-10T10:30:32.864563Z,94.56299999999999 ms,36.534464 ms,40.458576770642196 ms,10.065572 ms,78.71916 ms,327
2024-04-10T10:30:32.78Z,2024-04-10T10:30:32.865486Z,2024-04-10T10:30:32.900215Z,120.215 ms,34.728529 ms,40.44110711280487 ms,10.065572 ms,78.71916 ms,328
2024-04-10T10:31:32.61Z,2024-04-10T10:31:32.670687Z,2024-04-10T10:31:32.709776Z,99.77600000000001 ms,39.089047 ms,40.43699750759879 ms,10.065572 ms,78.71916 ms,329
2024-04-10T10:31:32.62Z,2024-04-10T10:31:32.710641Z,2024-04-10T10:31:32.744585Z,124.58500000000001 ms,33.942635 ms,40.41731762121213 ms,10.065572 ms,78.71916 ms,330
2024-04-10T10:31:32.76Z,2024-04-10T10:31:32.825373Z,2024-04-10T10:31:32.862498Z,102.498 ms,37.12538 ms,40.407372190332325 ms,10.065572 ms,78.71916 ms,331
2024-04-10T10:31:32.78Z,2024-04-10T10:31:32.863521Z,2024-04-10T10:31:32.897079Z,117.07900000000001 ms,33.556859 ms,40.38673811445783 ms,10.065572 ms,78.71916 ms,332
2024-04-10T10:32:32.60Z,2024-04-10T10:32:32.665810Z,2024-04-10T10:32:32.699748Z,99.748 ms,33.939028 ms,40.367375621621626 ms,10.065572 ms,78.71916 ms,333
2024-04-10T10:32:32.61Z,2024-04-10T10:32:32.700639Z,2024-04-10T10:32:32.713022Z,103.022 ms,12.381343 ms,40.28358510479042 ms,10.065572 ms,78.71916 ms,334
2024-04-10T10:32:32.76Z,2024-04-10T10:32:32.827459Z,2024-04-10T10:32:32.846904Z,86.904 ms,19.445056 ms,40.221380540298505 ms,10.065572 ms,78.71916 ms,335
2024-04-10T10:32:32.77Z,2024-04-10T10:32:32.847683Z,2024-04-10T10:32:32.857863Z,87.863 ms,10.179116 ms,40.13196903869048 ms,10.065572 ms,78.71916 ms,336
2024-04-10T10:33:32.61Z,2024-04-10T10:33:32.672994Z,2024-04-10T10:33:32.718741Z,108.741 ms,45.747453 ms,40.1486321958457 ms,10.065572 ms,78.71916 ms,337
2024-04-10T10:33:32.61Z,2024-04-10T10:33:32.719688Z,2024-04-10T10:33:32.752996Z,142.996 ms,33.306327 ms,40.128388689349116 ms,10.065572 ms,78.71916 ms,338
2024-04-10T10:33:32.78Z,2024-04-10T10:33:32.838999Z,2024-04-10T10:33:32.875027Z,95.027 ms,36.028345 ms,40.11629416519174 ms,10.065572 ms,78.71916 ms,339
2024-04-10T10:33:32.78Z,2024-04-10T10:33:32.876005Z,2024-04-10T10:33:32.910386Z,130.386 ms,34.379737 ms,40.099421938235295 ms,10.065572 ms,78.71916 ms,340
2024-04-10T10:34:32.60Z,2024-04-10T10:34:32.667209Z,2024-04-10T10:34:32.715856Z,115.856 ms,48.64597 ms,40.12448512903226 ms,10.065572 ms,78.71916 ms,341
2024-04-10T10:34:32.63Z,2024-04-10T10:34:32.717134Z,2024-04-10T10:34:32.760113Z,130.113 ms,42.978207 ms,40.13282934502924 ms,10.065572 ms,78.71916 ms,342
2024-04-10T10:34:32.76Z,2024-04-10T10:34:32.824516Z,2024-04-10T10:34:32.862739Z,102.73899999999999 ms,38.222409 ms,40.127259606414 ms,10.065572 ms,78.71916 ms,343
2024-04-10T10:34:32.78Z,2024-04-10T10:34:32.863802Z,2024-04-10T10:34:32.900739Z,120.739 ms,36.935713 ms,40.11798185465116 ms,10.065572 ms,78.71916 ms,344
2024-04-10T10:35:32.60Z,2024-04-10T10:35:32.667769Z,2024-04-10T10:35:32.705715Z,105.715 ms,37.945646 ms,40.11168522898551 ms,10.065572 ms,78.71916 ms,345
2024-04-10T10:35:32.62Z,2024-04-10T10:35:32.706634Z,2024-04-10T10:35:32.742105Z,122.105 ms,35.469567 ms,40.09826870231214 ms,10.065572 ms,78.71916 ms,346
2024-04-10T10:35:32.77Z,2024-04-10T10:35:32.830646Z,2024-04-10T10:35:32.869212Z,99.21199999999999 ms,38.566033 ms,40.09385303746398 ms,10.065572 ms,78.71916 ms,347
2024-04-10T10:35:32.78Z,2024-04-10T10:35:32.870306Z,2024-04-10T10:35:32.905396Z,125.396 ms,35.089707 ms,40.07947330747127 ms,10.065572 ms,78.71916 ms,348
2024-04-10T10:36:32.61Z,2024-04-10T10:36:32.678695Z,2024-04-10T10:36:32.713393Z,103.393 ms,34.698384 ms,40.064054713467044 ms,10.065572 ms,78.71916 ms,349
2024-04-10T10:36:32.62Z,2024-04-10T10:36:32.714671Z,2024-04-10T10:36:32.748223Z,128.223 ms,33.549842 ms,40.04544267714286 ms,10.065572 ms,78.71916 ms,350
2024-04-10T10:36:32.76Z,2024-04-10T10:36:32.827063Z,2024-04-10T10:36:32.864715Z,104.715 ms,37.652437 ms,40.038624997151 ms,10.065572 ms,78.71916 ms,351
2024-04-10T10:36:32.78Z,2024-04-10T10:36:32.865682Z,2024-04-10T10:36:32.899319Z,119.31899999999999 ms,33.635459 ms,40.020434184659095 ms,10.065572 ms,78.71916 ms,352
2024-04-10T10:37:32.61Z,2024-04-10T10:37:32.678397Z,2024-04-10T10:37:32.695822Z,85.82199999999999 ms,17.424894 ms,39.95642415580737 ms,10.065572 ms,78.71916 ms,353
2024-04-10T10:37:32.61Z,2024-04-10T10:37:32.696092Z,2024-04-10T10:37:32.705962Z,95.962 ms,9.869589 ms,39.871433096045195 ms,9.869589 ms,78.71916 ms,354
2024-04-10T10:37:32.76Z,2024-04-10T10:37:32.826732Z,2024-04-10T10:37:32.839756Z,79.756 ms,13.023421 ms,39.79580489295775 ms,9.869589 ms,78.71916 ms,355
2024-04-10T10:37:32.77Z,2024-04-10T10:37:32.840690Z,2024-04-10T10:37:32.851692Z,81.69200000000001 ms,11.001442 ms,39.71492185112359 ms,9.869589 ms,78.71916 ms,356
2024-04-10T10:38:32.62Z,2024-04-10T10:38:32.682190Z,2024-04-10T10:38:32.711434Z,91.434 ms,29.244728 ms,39.685593577030815 ms,9.869589 ms,78.71916 ms,357
2024-04-10T10:38:32.62Z,2024-04-10T10:38:32.712341Z,2024-04-10T10:38:32.723620Z,103.62 ms,11.278034 ms,39.60624285195531 ms,9.869589 ms,78.71916 ms,358
2024-04-10T10:38:32.76Z,2024-04-10T10:38:32.829682Z,2024-04-10T10:38:32.840944Z,80.944 ms,11.261733 ms,39.527288785515324 ms,9.869589 ms,78.71916 ms,359
2024-04-10T10:38:32.78Z,2024-04-10T10:38:32.841753Z,2024-04-10T10:38:32.851289Z,71.289 ms,9.53458 ms,39.44397570555556 ms,9.53458 ms,78.71916 ms,360
2024-04-10T10:39:32.61Z,2024-04-10T10:39:32.675218Z,2024-04-10T10:39:32.686533Z,76.533 ms,11.315813 ms,39.36605835734073 ms,9.53458 ms,78.71916 ms,361
2024-04-10T10:39:32.63Z,2024-04-10T10:39:32.696968Z,2024-04-10T10:39:32.707732Z,77.732 ms,10.765184 ms,39.28705041712707 ms,9.53458 ms,78.71916 ms,362
2024-04-10T10:39:32.77Z,2024-04-10T10:39:32.833550Z,2024-04-10T10:39:32.854203Z,84.203 ms,20.653735 ms,39.23571896969697 ms,9.53458 ms,78.71916 ms,363
2024-04-10T10:39:32.78Z,2024-04-10T10:39:32.855049Z,2024-04-10T10:39:32.866094Z,86.09400000000001 ms,11.04411 ms,39.1582694945055 ms,9.53458 ms,78.71916 ms,364
2024-04-10T10:40:32.61Z,2024-04-10T10:40:32.681526Z,2024-04-10T10:40:32.722010Z,112.01 ms,40.483292 ms,39.16189969315069 ms,9.53458 ms,78.71916 ms,365
2024-04-10T10:40:32.61Z,2024-04-10T10:40:32.722999Z,2024-04-10T10:40:32.757416Z,147.416 ms,34.415979 ms,39.14893269672131 ms,9.53458 ms,78.71916 ms,366
2024-04-10T10:40:32.77Z,2024-04-10T10:40:32.841294Z,2024-04-10T10:40:32.878089Z,108.089 ms,36.795084 ms,39.1425189400545 ms,9.53458 ms,78.71916 ms,367
2024-04-10T10:40:32.77Z,2024-04-10T10:40:32.878964Z,2024-04-10T10:40:32.913537Z,143.537 ms,34.571686 ms,39.13009819836956 ms,9.53458 ms,78.71916 ms,368
2024-04-10T10:41:32.61Z,2024-04-10T10:41:32.677570Z,2024-04-10T10:41:32.723246Z,113.246 ms,45.675532 ms,39.147836501355016 ms,9.53458 ms,78.71916 ms,369
2024-04-10T10:41:32.62Z,2024-04-10T10:41:32.724616Z,2024-04-10T10:41:32.759078Z,139.078 ms,34.460946 ms,39.135169229729726 ms,9.53458 ms,78.71916 ms,370
2024-04-10T10:41:32.78Z,2024-04-10T10:41:32.846108Z,2024-04-10T10:41:32.881743Z,101.743 ms,35.634335 ms,39.125733018867926 ms,9.53458 ms,78.71916 ms,371
2024-04-10T10:41:32.78Z,2024-04-10T10:41:32.882710Z,2024-04-10T10:41:32.917042Z,137.042 ms,34.330646 ms,39.112843 ms,9.53458 ms,78.71916 ms,372
2024-04-10T10:42:32.61Z,2024-04-10T10:42:32.674395Z,2024-04-10T10:42:32.720238Z,110.238 ms,45.843156 ms,39.13088673458445 ms,9.53458 ms,78.71916 ms,373
2024-04-10T10:42:32.61Z,2024-04-10T10:42:32.721254Z,2024-04-10T10:42:32.755857Z,145.857 ms,34.603037 ms,39.118780184491975 ms,9.53458 ms,78.71916 ms,374
2024-04-10T10:42:32.77Z,2024-04-10T10:42:32.835106Z,2024-04-10T10:42:32.871748Z,101.748 ms,36.642585 ms,39.112176997333336 ms,9.53458 ms,78.71916 ms,375
2024-04-10T10:42:32.78Z,2024-04-10T10:42:32.872942Z,2024-04-10T10:42:32.904203Z,124.20299999999999 ms,31.259805 ms,39.09129302925532 ms,9.53458 ms,78.71916 ms,376
2024-04-10T10:43:32.61Z,2024-04-10T10:43:32.683086Z,2024-04-10T10:43:32.728302Z,118.302 ms,45.216092 ms,39.107539180371354 ms,9.53458 ms,78.71916 ms,377
2024-04-10T10:43:32.62Z,2024-04-10T10:43:32.729202Z,2024-04-10T10:43:32.764650Z,144.65 ms,35.447454 ms,39.09785641534392 ms,9.53458 ms,78.71916 ms,378
2024-04-10T10:43:32.77Z,2024-04-10T10:43:32.843396Z,2024-04-10T10:43:32.879886Z,109.886 ms,36.489906 ms,39.09097527968338 ms,9.53458 ms,78.71916 ms,379
2024-04-10T10:43:32.78Z,2024-04-10T10:43:32.880853Z,2024-04-10T10:43:32.915310Z,135.31 ms,34.456871 ms,39.078780268421056 ms,9.53458 ms,78.71916 ms,380
2024-04-10T10:44:32.62Z,2024-04-10T10:44:32.686173Z,2024-04-10T10:44:32.730524Z,110.524 ms,44.351777 ms,39.092620154855645 ms,9.53458 ms,78.71916 ms,381
2024-04-10T10:44:32.62Z,2024-04-10T10:44:32.731626Z,2024-04-10T10:44:32.765838Z,145.838 ms,34.211029 ms,39.07984112041885 ms,9.53458 ms,78.71916 ms,382
2024-04-10T10:44:32.78Z,2024-04-10T10:44:32.844840Z,2024-04-10T10:44:32.881310Z,101.31 ms,36.470013 ms,39.073026947780676 ms,9.53458 ms,78.71916 ms,383
2024-04-10T10:44:32.78Z,2024-04-10T10:44:32.882176Z,2024-04-10T10:44:32.915733Z,135.733 ms,33.556313 ms,39.05866050520834 ms,9.53458 ms,78.71916 ms,384
2024-04-10T10:45:32.61Z,2024-04-10T10:45:32.680519Z,2024-04-10T10:45:32.726131Z,116.131 ms,45.61119 ms,39.07568006233766 ms,9.53458 ms,78.71916 ms,385
2024-04-10T10:45:32.62Z,2024-04-10T10:45:32.727038Z,2024-04-10T10:45:32.761652Z,141.652 ms,34.612419 ms,39.06411720984456 ms,9.53458 ms,78.71916 ms,386
2024-04-10T10:45:32.78Z,2024-04-10T10:45:32.847485Z,2024-04-10T10:45:32.886894Z,106.894 ms,39.40798 ms,39.065005744186045 ms,9.53458 ms,78.71916 ms,387
2024-04-10T10:45:32.78Z,2024-04-10T10:45:32.887895Z,2024-04-10T10:45:32.923975Z,143.975 ms,36.079364 ms,39.057310791237114 ms,9.53458 ms,78.71916 ms,388
2024-04-10T10:46:32.61Z,2024-04-10T10:46:32.679656Z,2024-04-10T10:46:32.720935Z,110.935 ms,41.277894 ms,39.06301923136247 ms,9.53458 ms,78.71916 ms,389
2024-04-10T10:46:32.62Z,2024-04-10T10:46:32.722170Z,2024-04-10T10:46:32.761321Z,141.321 ms,39.148582 ms,39.06323862307692 ms,9.53458 ms,78.71916 ms,390
2024-04-10T10:46:32.78Z,2024-04-10T10:46:32.849598Z,2024-04-10T10:46:32.892258Z,112.258 ms,42.658313 ms,39.07243318670077 ms,9.53458 ms,78.71916 ms,391
2024-04-10T10:46:32.78Z,2024-04-10T10:46:32.893366Z,2024-04-10T10:46:32.928843Z,148.843 ms,35.47564 ms,39.063257693877546 ms,9.53458 ms,78.71916 ms,392
2024-04-10T10:47:32.61Z,2024-04-10T10:47:32.681568Z,2024-04-10T10:47:32.729779Z,119.779 ms,48.210684 ms,39.086533587786256 ms,9.53458 ms,78.71916 ms,393
2024-04-10T10:47:32.61Z,2024-04-10T10:47:32.730635Z,2024-04-10T10:47:32.770722Z,160.722 ms,40.085548 ms,39.089069157360406 ms,9.53458 ms,78.71916 ms,394
2024-04-10T10:47:32.77Z,2024-04-10T10:47:32.844618Z,2024-04-10T10:47:32.885236Z,115.236 ms,40.616538 ms,39.0929361670886 ms,9.53458 ms,78.71916 ms,395
2024-04-10T10:47:32.78Z,2024-04-10T10:47:32.886367Z,2024-04-10T10:47:32.922610Z,142.60999999999999 ms,36.242167 ms,39.0857372550505 ms,9.53458 ms,78.71916 ms,396
2024-04-10T10:48:32.61Z,2024-04-10T10:48:32.685513Z,2024-04-10T10:48:32.734016Z,124.016 ms,48.503365 ms,39.10945923929471 ms,9.53458 ms,78.71916 ms,397
2024-04-10T10:48:32.63Z,2024-04-10T10:48:32.734937Z,2024-04-10T10:48:32.772142Z,142.142 ms,37.203905 ms,39.10467141457286 ms,9.53458 ms,78.71916 ms,398
2024-04-10T10:48:32.77Z,2024-04-10T10:48:32.842164Z,2024-04-10T10:48:32.881598Z,111.598 ms,39.433048 ms,39.10549441353383 ms,9.53458 ms,78.71916 ms,399
2024-04-10T10:48:32.78Z,2024-04-10T10:48:32.882609Z,2024-04-10T10:48:32.920459Z,140.459 ms,37.849109 ms,39.10235345 ms,9.53458 ms,78.71916 ms,400
2024-04-10T10:49:32.61Z,2024-04-10T10:49:32.685756Z,2024-04-10T10:49:32.735046Z,125.04599999999999 ms,49.289033 ms,39.12775664089776 ms,9.53458 ms,78.71916 ms,401
2024-04-10T10:49:32.62Z,2024-04-10T10:49:32.735989Z,2024-04-10T10:49:32.774805Z,154.805 ms,38.814973 ms,39.1269785721393 ms,9.53458 ms,78.71916 ms,402
2024-04-10T10:49:32.78Z,2024-04-10T10:49:32.850457Z,2024-04-10T10:49:32.889021Z,109.021 ms,38.560696 ms,39.1255734044665 ms,9.53458 ms,78.71916 ms,403
2024-04-10T10:49:32.78Z,2024-04-10T10:49:32.890319Z,2024-04-10T10:49:32.926841Z,146.841 ms,36.520758 ms,39.11912584158416 ms,9.53458 ms,78.71916 ms,404
2024-04-10T10:50:32.62Z,2024-04-10T10:50:32.689605Z,2024-04-10T10:50:32.738428Z,118.42800000000001 ms,48.821741 ms,39.14308291604938 ms,9.53458 ms,78.71916 ms,405
2024-04-10T10:50:32.62Z,2024-04-10T10:50:32.739676Z,2024-04-10T10:50:32.776040Z,156.04000000000002 ms,36.362159 ms,39.136233349753695 ms,9.53458 ms,78.71916 ms,406
2024-04-10T10:50:32.78Z,2024-04-10T10:50:32.850906Z,2024-04-10T10:50:32.889065Z,109.065 ms,38.1581 ms,39.13383007371008 ms,9.53458 ms,78.71916 ms,407
2024-04-10T10:50:32.78Z,2024-04-10T10:50:32.890027Z,2024-04-10T10:50:32.927760Z,147.76 ms,37.73142 ms,39.13039279411765 ms,9.53458 ms,78.71916 ms,408
2024-04-10T10:51:32.61Z,2024-04-10T10:51:32.684556Z,2024-04-10T10:51:32.723954Z,113.954 ms,39.397081 ms,39.13104484352078 ms,9.53458 ms,78.71916 ms,409
2024-04-10T10:51:32.62Z,2024-04-10T10:51:32.725063Z,2024-04-10T10:51:32.760562Z,140.56199999999998 ms,35.496633 ms,39.122180424390244 ms,9.53458 ms,78.71916 ms,410
2024-04-10T10:51:32.77Z,2024-04-10T10:51:32.847604Z,2024-04-10T10:51:32.889723Z,119.723 ms,42.11852 ms,39.129470788321164 ms,9.53458 ms,78.71916 ms,411
2024-04-10T10:51:32.79Z,2024-04-10T10:51:32.890840Z,2024-04-10T10:51:32.917034Z,127.034 ms,26.194612 ms,39.0980755 ms,9.53458 ms,78.71916 ms,412
2024-04-10T10:52:32.61Z,2024-04-10T10:52:32.687342Z,2024-04-10T10:52:32.739428Z,129.428 ms,52.085029 ms,39.12952090799031 ms,9.53458 ms,78.71916 ms,413
2024-04-10T10:52:32.63Z,2024-04-10T10:52:32.740362Z,2024-04-10T10:52:32.776439Z,146.43900000000002 ms,36.075334 ms,39.12214364492754 ms,9.53458 ms,78.71916 ms,414
2024-04-10T10:52:32.77Z,2024-04-10T10:52:32.844826Z,2024-04-10T10:52:32.883901Z,113.901 ms,39.073128 ms,39.12202553493976 ms,9.53458 ms,78.71916 ms,415
2024-04-10T10:52:32.78Z,2024-04-10T10:52:32.885022Z,2024-04-10T10:52:32.924332Z,144.332 ms,39.309237 ms,39.1224755625 ms,9.53458 ms,78.71916 ms,416
2024-04-10T10:53:32.62Z,2024-04-10T10:53:32.692566Z,2024-04-10T10:53:32.751649Z,131.649 ms,59.082016 ms,39.17034016786571 ms,9.53458 ms,78.71916 ms,417
2024-04-10T10:53:32.63Z,2024-04-10T10:53:32.752645Z,2024-04-10T10:53:32.790757Z,160.757 ms,38.109636 ms,39.167802598086126 ms,9.53458 ms,78.71916 ms,418
2024-04-10T10:53:32.78Z,2024-04-10T10:53:32.896360Z,2024-04-10T10:53:32.943093Z,163.093 ms,46.732091 ms,39.18585579236277 ms,9.53458 ms,78.71916 ms,419
2024-04-10T10:53:32.77Z,2024-04-10T10:53:32.943376Z,2024-04-10T10:53:32.982236Z,212.23600000000002 ms,38.857726 ms,39.18507453095238 ms,9.53458 ms,78.71916 ms,420
2024-04-10T10:54:32.62Z,2024-04-10T10:54:32.696028Z,2024-04-10T10:54:32.739680Z,119.67999999999999 ms,43.650139 ms,39.1956803847981 ms,9.53458 ms,78.71916 ms,421
2024-04-10T10:54:32.63Z,2024-04-10T10:54:32.740711Z,2024-04-10T10:54:32.781233Z,151.233 ms,40.520307 ms,39.19881931042654 ms,9.53458 ms,78.71916 ms,422
2024-04-10T10:54:32.77Z,2024-04-10T10:54:32.850865Z,2024-04-10T10:54:32.892866Z,122.866 ms,42.001218 ms,39.20544436643026 ms,9.53458 ms,78.71916 ms,423
2024-04-10T10:54:32.78Z,2024-04-10T10:54:32.893922Z,2024-04-10T10:54:32.930131Z,150.131 ms,36.207503 ms,39.19837375 ms,9.53458 ms,78.71916 ms,424
2024-04-10T10:55:32.61Z,2024-04-10T10:55:32.691938Z,2024-04-10T10:55:32.731572Z,121.572 ms,39.632878 ms,39.19939611294117 ms,9.53458 ms,78.71916 ms,425
2024-04-10T10:55:32.63Z,2024-04-10T10:55:32.732608Z,2024-04-10T10:55:32.769516Z,139.516 ms,36.906445 ms,39.19401359859155 ms,9.53458 ms,78.71916 ms,426
2024-04-10T10:55:32.77Z,2024-04-10T10:55:32.849507Z,2024-04-10T10:55:32.888166Z,118.166 ms,38.658546 ms,39.192759576112415 ms,9.53458 ms,78.71916 ms,427
2024-04-10T10:55:32.79Z,2024-04-10T10:55:32.889305Z,2024-04-10T10:55:32.925400Z,135.4 ms,36.09438 ms,39.18552037149533 ms,9.53458 ms,78.71916 ms,428
2024-04-10T10:56:32.61Z,2024-04-10T10:56:32.690254Z,2024-04-10T10:56:32.738426Z,128.42600000000002 ms,48.170488 ms,39.206464351981346 ms,9.53458 ms,78.71916 ms,429
2024-04-10T10:56:32.62Z,2024-04-10T10:56:32.739492Z,2024-04-10T10:56:32.782196Z,162.196 ms,42.701662 ms,39.214592718604656 ms,9.53458 ms,78.71916 ms,430
2024-04-10T10:56:32.77Z,2024-04-10T10:56:32.851530Z,2024-04-10T10:56:32.895804Z,125.804 ms,44.273931 ms,39.2263313225058 ms,9.53458 ms,78.71916 ms,431
2024-04-10T10:56:32.78Z,2024-04-10T10:56:32.896822Z,2024-04-10T10:56:32.920132Z,140.132 ms,23.309734 ms,39.189487347222226 ms,9.53458 ms,78.71916 ms,432
2024-04-10T10:57:32.61Z,2024-04-10T10:57:32.689591Z,2024-04-10T10:57:32.728491Z,118.491 ms,38.899552 ms,39.18881775057737 ms,9.53458 ms,78.71916 ms,433
2024-04-10T10:57:32.62Z,2024-04-10T10:57:32.729592Z,2024-04-10T10:57:32.770308Z,150.308 ms,40.715071 ms,39.19233446313364 ms,9.53458 ms,78.71916 ms,434
2024-04-10T10:57:32.78Z,2024-04-10T10:57:32.858882Z,2024-04-10T10:57:32.901206Z,121.20599999999999 ms,42.322838 ms,39.1995310229885 ms,9.53458 ms,78.71916 ms,435
2024-04-10T10:57:32.78Z,2024-04-10T10:57:32.902174Z,2024-04-10T10:57:32.945192Z,165.192 ms,43.01545 ms,39.208283130733946 ms,9.53458 ms,78.71916 ms,436
2024-04-10T10:58:32.61Z,2024-04-10T10:58:32.694457Z,2024-04-10T10:58:32.745812Z,135.81199999999998 ms,51.354154 ms,39.23607688558353 ms,9.53458 ms,78.71916 ms,437
2024-04-10T10:58:32.63Z,2024-04-10T10:58:32.746756Z,2024-04-10T10:58:32.793636Z,163.636 ms,46.875465 ms,39.253518410958904 ms,9.53458 ms,78.71916 ms,438
2024-04-10T10:58:32.78Z,2024-04-10T10:58:32.861550Z,2024-04-10T10:58:32.899084Z,119.08399999999999 ms,37.533281 ms,39.24959987471526 ms,9.53458 ms,78.71916 ms,439
2024-04-10T10:58:32.79Z,2024-04-10T10:58:32.900005Z,2024-04-10T10:58:32.939365Z,149.365 ms,39.359133 ms,39.24984881363636 ms,9.53458 ms,78.71916 ms,440
2024-04-10T10:59:32.61Z,2024-04-10T10:59:32.691179Z,2024-04-10T10:59:32.730763Z,120.76299999999999 ms,39.582396 ms,39.250602888888885 ms,9.53458 ms,78.71916 ms,441
2024-04-10T10:59:32.63Z,2024-04-10T10:59:32.731703Z,2024-04-10T10:59:32.767876Z,137.876 ms,36.170852 ms,39.24363512669683 ms,9.53458 ms,78.71916 ms,442
2024-04-10T10:59:32.79Z,2024-04-10T10:59:32.867796Z,2024-04-10T10:59:32.914886Z,124.886 ms,47.088341 ms,39.26134326636569 ms,9.53458 ms,78.71916 ms,443
2024-04-10T10:59:32.79Z,2024-04-10T10:59:32.915945Z,2024-04-10T10:59:32.960127Z,170.127 ms,44.1807 ms,39.27242289864865 ms,9.53458 ms,78.71916 ms,444
2024-04-10T11:00:32.62Z,2024-04-10T11:00:32.697154Z,2024-04-10T11:00:32.736100Z,116.1 ms,38.945156 ms,39.27168746741573 ms,9.53458 ms,78.71916 ms,445
2024-04-10T11:00:32.63Z,2024-04-10T11:00:32.736980Z,2024-04-10T11:00:32.771019Z,141.019 ms,34.037698 ms,39.259952065022425 ms,9.53458 ms,78.71916 ms,446
2024-04-10T11:00:32.77Z,2024-04-10T11:00:32.853755Z,2024-04-10T11:00:32.891870Z,121.87 ms,38.11516 ms,39.257391008948545 ms,9.53458 ms,78.71916 ms,447
2024-04-10T11:00:32.77Z,2024-04-10T11:00:32.892777Z,2024-04-10T11:00:32.926656Z,156.65599999999998 ms,33.877862 ms,39.24538313169643 ms,9.53458 ms,78.71916 ms,448
2024-04-10T11:01:32.61Z,2024-04-10T11:01:32.693118Z,2024-04-10T11:01:32.738160Z,128.16 ms,45.041709 ms,39.258292543429846 ms,9.53458 ms,78.71916 ms,449
2024-04-10T11:01:32.62Z,2024-04-10T11:01:32.739263Z,2024-04-10T11:01:32.773045Z,153.045 ms,33.781344 ms,39.246121546666664 ms,9.53458 ms,78.71916 ms,450
2024-04-10T11:01:32.77Z,2024-04-10T11:01:32.851077Z,2024-04-10T11:01:32.886045Z,116.045 ms,34.966791 ms,39.23663300886918 ms,9.53458 ms,78.71916 ms,451
2024-04-10T11:01:32.80Z,2024-04-10T11:01:32.886887Z,2024-04-10T11:01:32.898676Z,98.676 ms,11.78844 ms,39.1759069181416 ms,9.53458 ms,78.71916 ms,452
2024-04-10T11:02:32.62Z,2024-04-10T11:02:32.703477Z,2024-04-10T11:02:32.749696Z,129.696 ms,46.218526 ms,39.19145353863135 ms,9.53458 ms,78.71916 ms,453
2024-04-10T11:02:32.62Z,2024-04-10T11:02:32.750558Z,2024-04-10T11:02:32.785036Z,165.036 ms,34.47654 ms,39.18106826651982 ms,9.53458 ms,78.71916 ms,454
2024-04-10T11:02:32.77Z,2024-04-10T11:02:32.851452Z,2024-04-10T11:02:32.888905Z,118.905 ms,37.452758 ms,39.17726978241758 ms,9.53458 ms,78.71916 ms,455
2024-04-10T11:02:32.78Z,2024-04-10T11:02:32.889981Z,2024-04-10T11:02:32.925024Z,145.02399999999997 ms,35.042335 ms,39.168201942982456 ms,9.53458 ms,78.71916 ms,456
2024-04-10T11:03:32.61Z,2024-04-10T11:03:32.700373Z,2024-04-10T11:03:32.758187Z,148.187 ms,57.813324 ms,39.209000897155356 ms,9.53458 ms,78.71916 ms,457
2024-04-10T11:03:32.62Z,2024-04-10T11:03:32.759240Z,2024-04-10T11:03:32.797414Z,177.414 ms,38.172105 ms,39.20673693231441 ms,9.53458 ms,78.71916 ms,458
2024-04-10T11:03:32.78Z,2024-04-10T11:03:32.862723Z,2024-04-10T11:03:32.903483Z,123.48299999999999 ms,40.759807 ms,39.210120527233116 ms,9.53458 ms,78.71916 ms,459
2024-04-10T11:03:32.78Z,2024-04-10T11:03:32.904480Z,2024-04-10T11:03:32.947369Z,167.369 ms,42.886601 ms,39.218112876086956 ms,9.53458 ms,78.71916 ms,460
2024-04-10T11:04:32.61Z,2024-04-10T11:04:32.697508Z,2024-04-10T11:04:32.745332Z,135.332 ms,47.82309 ms,39.23677877006508 ms,9.53458 ms,78.71916 ms,461
2024-04-10T11:04:32.63Z,2024-04-10T11:04:32.746293Z,2024-04-10T11:04:32.832330Z,202.33 ms,86.03468 ms,39.33807292857143 ms,9.53458 ms,86.03468 ms,462
2024-04-10T11:04:32.78Z,2024-04-10T11:04:32.865104Z,2024-04-10T11:04:32.911987Z,131.987 ms,46.883272 ms,39.35436925485961 ms,9.53458 ms,86.03468 ms,463
2024-04-10T11:04:32.79Z,2024-04-10T11:04:32.913203Z,2024-04-10T11:04:32.952574Z,162.57399999999998 ms,39.368599 ms,39.3543999224138 ms,9.53458 ms,86.03468 ms,464
